source,chart_date,rank,previous_rank_or_change,artist,song,weeks_on_chart,peak_rank,peak_count,weekly_streams,weekly_streams_change,total_streams_on_chart,published_views,metric_type,language_type_inferred,artist_origin_inferred,genre_inferred,genre_category,genre_category_label,classification_note
Kworb Spotify Weekly Chart - Lithuania,2026-06-11,1,NEW,Jessica Shy,Saulė Nesileis,1,1,x1,108313,,108313,,Spotify streams,Lithuanian / local artist,Lithuania / local,contemporary pop / alt-pop,pop_alt_pop,pop / alt-pop,Language/genre/origin are inferred labels for market research; verify manually for final A&R decisions.
Kworb Spotify Weekly Chart - Lithuania,2026-06-11,2,-1,Jung Kook,Seven (w/ Latto),112,1,x1,60873,-9659,3942978,,Spotify streams,Korean artist / mostly English or K-pop,international / non-local,K-pop / pop,kpop_global,K-pop / global pop,Language/genre/origin are inferred labels for market research; verify manually for final A&R decisions.
Kworb Spotify Weekly Chart - Lithuania,2026-06-11,3,+1,By Индия,"Шадэ (w/ Xcho, МОТ)",5,3,x1,51706,-3034,236069,,Spotify streams,Russian / Cyrillic,international / non-local,Russian pop / pop-rap,russian_pop_rap,Russian pop / pop-rap,Language/genre/origin are inferred labels for market research; verify manually for final A&R decisions.
Kworb Spotify Weekly Chart - Lithuania,2026-06-11,4,-2,DARA,Bangaranga,4,1,x2,46844,-13490,355440,,Spotify streams,English / international,international / non-local,dance-pop,dance_electronic,dance-pop / electronic,Language/genre/origin are inferred labels for market research; verify manually for final A&R decisions.
Kworb Spotify Weekly Chart - Lithuania,2026-06-11,5,-2,OG Version,Pupytės (w/ Olialia Pupytės),8,1,x3,46573,-8564,653870,,Spotify streams,Lithuanian / local artist,Lithuania / local,Lithuanian hip-hop / pop-rap,melodic_hiphop_poprap,melodic hip-hop / pop-rap,Language/genre/origin are inferred labels for market research; verify manually for final A&R decisions.
Kworb Spotify Weekly Chart - Lithuania,2026-06-11,6,-1,Jessica Shy,Žvėris,53,1,x7,43122,-424,3440881,,Spotify streams,Lithuanian / local artist,Lithuania / local,contemporary pop / alt-pop,pop_alt_pop,pop / alt-pop,Language/genre/origin are inferred labels for market research; verify manually for final A&R decisions.
Kworb Spotify Weekly Chart - Lithuania,2026-06-11,7,=,Jin,Don’t Say You Love Me,56,1,x14,42232,943,3847929,,Spotify streams,Korean artist / mostly English or K-pop,international / non-local,K-pop / pop,kpop_global,K-pop / global pop,Language/genre/origin are inferred labels for market research; verify manually for final A&R decisions.
Kworb Spotify Weekly Chart - Lithuania,2026-06-11,8,-2,Dominic Fike,Babydoll,50,1,x6,42193,-1230,1591161,,Spotify streams,English / international,international / non-local,indie pop / alt-pop,indie_alternative,indie / alternative,Language/genre/origin are inferred labels for market research; verify manually for final A&R decisions.
Kworb Spotify Weekly Chart - Lithuania,2026-06-11,9,=,Malcolm Todd,Earrings,11,9,,40860,1162,350471,,Spotify streams,English / international,international / non-local,indie pop / alt-pop,indie_alternative,indie / alternative,Language/genre/origin are inferred labels for market research; verify manually for final A&R decisions.
Kworb Spotify Weekly Chart - Lithuania,2026-06-11,10,=,Michael Jackson,Billie Jean,14,7,,40576,1325,316686,,Spotify streams,English / international,international / non-local,classic pop / funk,nostalgia_catalog,nostalgia catalog,Language/genre/origin are inferred labels for market research; verify manually for final A&R decisions.
Kworb Spotify Weekly Chart - Lithuania,2026-06-11,11,-3,Temper City,Self Aware,12,8,,39936,-396,418353,,Spotify streams,English / international,international / non-local,unknown / needs manual verification,unknown,unknown / needs manual verification,Language/genre/origin are inferred labels for market research; verify manually for final A&R decisions.
Kworb Spotify Weekly Chart - Lithuania,2026-06-11,12,+2,Empire Of The Sun,We Are The People,121,8,,38908,3130,3217084,,Spotify streams,English / international,international / non-local,electronic pop / synth-pop,dance_electronic,dance-pop / electronic,Language/genre/origin are inferred labels for market research; verify manually for final A&R decisions.
Kworb Spotify Weekly Chart - Lithuania,2026-06-11,13,-1,Free Finga,Liūdna!,6,2,x2,38160,-532,308683,,Spotify streams,Lithuanian / local artist,Lithuania / local,alt-pop / electronic pop,pop_alt_pop,pop / alt-pop,Language/genre/origin are inferred labels for market research; verify manually for final A&R decisions.
Kworb Spotify Weekly Chart - Lithuania,2026-06-11,14,-1,Justin Bieber,Beauty And A Beat (w/ Nicki Minaj),9,1,x1,38116,-527,446774,,Spotify streams,English / international,international / non-local,pop / dance-pop,pop_alt_pop,pop / alt-pop,Language/genre/origin are inferred labels for market research; verify manually for final A&R decisions.
Kworb Spotify Weekly Chart - Lithuania,2026-06-11,15,+1,Ariana Grande,hate that i made you love me,2,15,,37675,2666,72684,,Spotify streams,English / international,international / non-local,pop / R&B,pop_alt_pop,pop / alt-pop,Language/genre/origin are inferred labels for market research; verify manually for final A&R decisions.
Kworb Spotify Weekly Chart - Lithuania,2026-06-11,16,-5,Free Finga,Vienas,116,1,x5,36343,-2825,6200137,,Spotify streams,Lithuanian / local artist,Lithuania / local,alt-pop / electronic pop,pop_alt_pop,pop / alt-pop,Language/genre/origin are inferred labels for market research; verify manually for final A&R decisions.
Kworb Spotify Weekly Chart - Lithuania,2026-06-11,17,+1,Michael Jackson,Beat It,7,15,,34331,1804,215348,,Spotify streams,English / international,international / non-local,classic pop / funk,nostalgia_catalog,nostalgia catalog,Language/genre/origin are inferred labels for market research; verify manually for final A&R decisions.
Kworb Spotify Weekly Chart - Lithuania,2026-06-11,18,+4,Jessica Shy,Apkabink,170,1,x22,33171,2144,9166477,,Spotify streams,Lithuanian / local artist,Lithuania / local,contemporary pop / alt-pop,pop_alt_pop,pop / alt-pop,Language/genre/origin are inferred labels for market research; verify manually for final A&R decisions.
Kworb Spotify Weekly Chart - Lithuania,2026-06-11,19,+2,Solo Ansamblis,Meilės Mašina,69,2,x5,32916,1662,3104449,,Spotify streams,Lithuanian / local artist,Lithuania / local,alternative electronic / post-punk,indie_alternative,indie / alternative,Language/genre/origin are inferred labels for market research; verify manually for final A&R decisions.
Kworb Spotify Weekly Chart - Lithuania,2026-06-11,20,-1,Bad Bunny,DtMF,40,1,x3,31412,-839,1469333,,Spotify streams,English / international,international / non-local,Latin urbano / reggaeton,latin_afro_global,Latin / Afro / global rhythmic,Language/genre/origin are inferred labels for market research; verify manually for final A&R decisions.
Kworb Spotify Weekly Chart - Lithuania,2026-06-11,21,-6,F3miii,NOBLE,10,15,,31280,-4055,246083,,Spotify streams,English / international,international / non-local,Afrobeats / melodic rap,latin_afro_global,Latin / Afro / global rhythmic,Language/genre/origin are inferred labels for market research; verify manually for final A&R decisions.
Kworb Spotify Weekly Chart - Lithuania,2026-06-11,22,+28,Mac Miller,Cinderella (w/ Ty Dolla $ign),4,22,,30736,7460,87054,,Spotify streams,English / international,international / non-local,hip-hop / alternative rap,melodic_hiphop_poprap,melodic hip-hop / pop-rap,Language/genre/origin are inferred labels for market research; verify manually for final A&R decisions.
Kworb Spotify Weekly Chart - Lithuania,2026-06-11,23,+1,Jessica Shy,1000 Vėtrų,106,1,x13,30482,-461,6241825,,Spotify streams,Lithuanian / local artist,Lithuania / local,contemporary pop / alt-pop,pop_alt_pop,pop / alt-pop,Language/genre/origin are inferred labels for market research; verify manually for final A&R decisions.
Kworb Spotify Weekly Chart - Lithuania,2026-06-11,24,+8,Elayork,Rudenį Rūkai (w/ Jessica Shy),29,1,x1,30353,1230,1151269,,Spotify streams,Lithuanian / local artist,Lithuania / local,Lithuanian pop / electronic pop,pop_alt_pop,pop / alt-pop,Language/genre/origin are inferred labels for market research; verify manually for final A&R decisions.
Kworb Spotify Weekly Chart - Lithuania,2026-06-11,25,+3,Dave,Raindance (w/ Tems),26,2,x3,30162,684,1178010,,Spotify streams,English / international,international / non-local,UK rap / R&B,melodic_hiphop_poprap,melodic hip-hop / pop-rap,Language/genre/origin are inferred labels for market research; verify manually for final A&R decisions.
Kworb Spotify Weekly Chart - Lithuania,2026-06-11,26,-3,Tame Impala,Dracula,37,7,,29346,-1599,1229128,,Spotify streams,English / international,international / non-local,psychedelic pop / indie,indie_alternative,indie / alternative,Language/genre/origin are inferred labels for market research; verify manually for final A&R decisions.
Kworb Spotify Weekly Chart - Lithuania,2026-06-11,27,-1,Buckshot,Fever (w/ fakemink),34,15,,28693,-1414,953637,,Spotify streams,English / international,international / non-local,rap / internet underground,melodic_hiphop_poprap,melodic hip-hop / pop-rap,Language/genre/origin are inferred labels for market research; verify manually for final A&R decisions.
Kworb Spotify Weekly Chart - Lithuania,2026-06-11,28,-8,Drake,Janice STFU,4,15,,28331,-3420,132236,,Spotify streams,English / international,international / non-local,hip-hop / R&B,melodic_hiphop_poprap,melodic hip-hop / pop-rap,Language/genre/origin are inferred labels for market research; verify manually for final A&R decisions.
Kworb Spotify Weekly Chart - Lithuania,2026-06-11,29,+6,FOJE,Vaikystės Stogas,64,6,,27768,285,1556910,,Spotify streams,Lithuanian / local artist,Lithuania / local,Lithuanian rock / nostalgia,rock_alternative,rock / alternative,Language/genre/origin are inferred labels for market research; verify manually for final A&R decisions.
Kworb Spotify Weekly Chart - Lithuania,2026-06-11,30,-1,ANOTR,Talk To You (w/ 54 Ultra),13,29,,27686,-1677,272159,,Spotify streams,English / international,international / non-local,house / electronic,dance_electronic,dance-pop / electronic,Language/genre/origin are inferred labels for market research; verify manually for final A&R decisions.
Kworb Spotify Weekly Chart - Lithuania,2026-06-11,31,+9,Jessica Shy,Tarp Geltonų Rūtų,106,2,x4,27407,1623,5111011,,Spotify streams,Lithuanian / local artist,Lithuania / local,contemporary pop / alt-pop,pop_alt_pop,pop / alt-pop,Language/genre/origin are inferred labels for market research; verify manually for final A&R decisions.
Kworb Spotify Weekly Chart - Lithuania,2026-06-11,32,-7,The Chemical Brothers,Go,6,17,,27399,-3478,168122,,Spotify streams,English / international,international / non-local,electronic / big beat,dance_electronic,dance-pop / electronic,Language/genre/origin are inferred labels for market research; verify manually for final A&R decisions.
Kworb Spotify Weekly Chart - Lithuania,2026-06-11,33,-2,Tame Impala,Dracula - JENNIE Remix (w/ JENNIE),18,6,,27394,-1808,575542,,Spotify streams,English / international,international / non-local,psychedelic pop / indie,indie_alternative,indie / alternative,Language/genre/origin are inferred labels for market research; verify manually for final A&R decisions.
Kworb Spotify Weekly Chart - Lithuania,2026-06-11,34,+2,Ravyn Lenae,Love Me Not,68,6,,27174,393,2469671,,Spotify streams,English / international,international / non-local,R&B / soul,pop_alt_pop,pop / alt-pop,Language/genre/origin are inferred labels for market research; verify manually for final A&R decisions.
Kworb Spotify Weekly Chart - Lithuania,2026-06-11,35,+7,Jessica Shy,Vis Vien,64,1,x10,27006,1618,3851572,,Spotify streams,Lithuanian / local artist,Lithuania / local,contemporary pop / alt-pop,pop_alt_pop,pop / alt-pop,Language/genre/origin are inferred labels for market research; verify manually for final A&R decisions.
Kworb Spotify Weekly Chart - Lithuania,2026-06-11,36,+2,Jennifer Lopez,On The Floor (w/ Pitbull),4,36,,26572,323,90370,,Spotify streams,English / international,international / non-local,dance-pop / Latin pop,dance_electronic,dance-pop / electronic,Language/genre/origin are inferred labels for market research; verify manually for final A&R decisions.
Kworb Spotify Weekly Chart - Lithuania,2026-06-11,37,-3,Adomas Vyšniauskas,Kely Sustoja Laikas,29,3,x2,26510,-1394,1027160,,Spotify streams,Lithuanian / local artist,Lithuania / local,Lithuanian pop / ballad,pop_alt_pop,pop / alt-pop,Language/genre/origin are inferred labels for market research; verify manually for final A&R decisions.
Kworb Spotify Weekly Chart - Lithuania,2026-06-11,38,-5,PinkPantheress,Stateside + Zara Larsson (w/ Zara Larsson),24,1,x1,26127,-2057,949109,,Spotify streams,English / international,international / non-local,UK garage / pop,dance_electronic,dance-pop / electronic,Language/genre/origin are inferred labels for market research; verify manually for final A&R decisions.
Kworb Spotify Weekly Chart - Lithuania,2026-06-11,39,-2,sombr,back to friends,67,3,x1,25772,-637,3032952,,Spotify streams,English / international,international / non-local,indie pop,indie_alternative,indie / alternative,Language/genre/origin are inferred labels for market research; verify manually for final A&R decisions.
Kworb Spotify Weekly Chart - Lithuania,2026-06-11,40,-1,sombr,12 to 12,46,5,,25349,-876,1889728,,Spotify streams,English / international,international / non-local,indie pop,indie_alternative,indie / alternative,Language/genre/origin are inferred labels for market research; verify manually for final A&R decisions.
Kworb Spotify Weekly Chart - Lithuania,2026-06-11,41,-24,Sal Da Vinci,Per sempre sì,4,2,x1,25335,-8865,163470,,Spotify streams,Other European language,international / non-local,Italian pop,other_european_pop,other European pop,Language/genre/origin are inferred labels for market research; verify manually for final A&R decisions.
Kworb Spotify Weekly Chart - Lithuania,2026-06-11,42,+12,Solo Ansamblis,SAFARI,3,18,,25261,3263,81308,,Spotify streams,Lithuanian / local artist,Lithuania / local,alternative electronic / post-punk,indie_alternative,indie / alternative,Language/genre/origin are inferred labels for market research; verify manually for final A&R decisions.
Kworb Spotify Weekly Chart - Lithuania,2026-06-11,43,-2,bielskis,MILIJONAS NAKTŲ (w/ Tautvydas Burauskas),59,3,x1,25116,-508,2236183,,Spotify streams,Lithuanian / local artist,Lithuania / local,Lithuanian pop / melodic rap,melodic_hiphop_poprap,melodic hip-hop / pop-rap,Language/genre/origin are inferred labels for market research; verify manually for final A&R decisions.
Kworb Spotify Weekly Chart - Lithuania,2026-06-11,44,-1,Djo,End of Beginning,89,1,x3,25052,-253,3012001,,Spotify streams,English / international,international / non-local,indie pop / synth-pop,indie_alternative,indie / alternative,Language/genre/origin are inferred labels for market research; verify manually for final A&R decisions.
Kworb Spotify Weekly Chart - Lithuania,2026-06-11,45,+8,MIA BOYKA,ЭКСПОНАТ,3,45,,25036,2629,62571,,Spotify streams,Russian / Cyrillic,international / non-local,Russian pop,russian_pop_rap,Russian pop / pop-rap,Language/genre/origin are inferred labels for market research; verify manually for final A&R decisions.
Kworb Spotify Weekly Chart - Lithuania,2026-06-11,46,=,Adrina,Sugrąžinu,10,31,,24839,698,252075,,Spotify streams,Lithuanian / local artist,Lithuania / local,Lithuanian pop,pop_alt_pop,pop / alt-pop,Language/genre/origin are inferred labels for market research; verify manually for final A&R decisions.
Kworb Spotify Weekly Chart - Lithuania,2026-06-11,47,+2,Michael Jackson,Chicago,5,47,,24757,1011,103724,,Spotify streams,English / international,international / non-local,classic pop / funk,nostalgia_catalog,nostalgia catalog,Language/genre/origin are inferred labels for market research; verify manually for final A&R decisions.
Kworb Spotify Weekly Chart - Lithuania,2026-06-11,48,-4,Paulina Paukštaitytė,Pasilik Praeity,81,17,,24509,-573,2021913,,Spotify streams,Lithuanian / local artist,Lithuania / local,Lithuanian pop,pop_alt_pop,pop / alt-pop,Language/genre/origin are inferred labels for market research; verify manually for final A&R decisions.
Kworb Spotify Weekly Chart - Lithuania,2026-06-11,49,-19,Kylie Minogue,Can't Get You out of My Head,58,30,,23949,-5398,951737,,Spotify streams,English / international,international / non-local,dance-pop,dance_electronic,dance-pop / electronic,Language/genre/origin are inferred labels for market research; verify manually for final A&R decisions.
Kworb Spotify Weekly Chart - Lithuania,2026-06-11,50,+23,Jessica Shy,Ašara,53,2,x3,23940,3604,2540664,,Spotify streams,Lithuanian / local artist,Lithuania / local,contemporary pop / alt-pop,pop_alt_pop,pop / alt-pop,Language/genre/origin are inferred labels for market research; verify manually for final A&R decisions.
Kworb Spotify Weekly Chart - Lithuania,2026-06-11,51,+7,Childish Gambino,Les,167,37,,23589,1815,2831897,,Spotify streams,English / international,international / non-local,hip-hop / R&B,melodic_hiphop_poprap,melodic hip-hop / pop-rap,Language/genre/origin are inferred labels for market research; verify manually for final A&R decisions.
Kworb Spotify Weekly Chart - Lithuania,2026-06-11,52,+8,Free Finga,Beržas (w/ Monika LIU),117,2,x2,23355,1641,4366489,,Spotify streams,Lithuanian / local artist,Lithuania / local,alt-pop / electronic pop,pop_alt_pop,pop / alt-pop,Language/genre/origin are inferred labels for market research; verify manually for final A&R decisions.
Kworb Spotify Weekly Chart - Lithuania,2026-06-11,53,+52,Furytto,Dar kartą (w/ Nastie),2,53,,23183,5014,41352,,Spotify streams,Lithuanian / Baltic-language signal,international / non-local,Lithuanian pop / melodic rap,melodic_hiphop_poprap,melodic hip-hop / pop-rap,Language/genre/origin are inferred labels for market research; verify manually for final A&R decisions.
Kworb Spotify Weekly Chart - Lithuania,2026-06-11,54,RE,ForceTx,"Обнял, поцеловал X Tuesday",2,54,,22906,,38498,,Spotify streams,Russian / Cyrillic,international / non-local,Russian pop / pop-rap,russian_pop_rap,Russian pop / pop-rap,Language/genre/origin are inferred labels for market research; verify manually for final A&R decisions.
Kworb Spotify Weekly Chart - Lithuania,2026-06-11,55,+13,Kanye West,Flashing Lights (w/ Dwele),211,24,,22841,1891,3353459,,Spotify streams,English / international,international / non-local,hip-hop,melodic_hiphop_poprap,melodic hip-hop / pop-rap,Language/genre/origin are inferred labels for market research; verify manually for final A&R decisions.
Kworb Spotify Weekly Chart - Lithuania,2026-06-11,56,-9,Michael Jackson,Human Nature,6,40,,22492,-1577,140328,,Spotify streams,English / international,international / non-local,classic pop / funk,nostalgia_catalog,nostalgia catalog,Language/genre/origin are inferred labels for market research; verify manually for final A&R decisions.
Kworb Spotify Weekly Chart - Lithuania,2026-06-11,57,-9,Zara Larsson,Lush Life,119,1,x2,22287,-1475,1649770,,Spotify streams,English / international,international / non-local,pop / dance-pop,pop_alt_pop,pop / alt-pop,Language/genre/origin are inferred labels for market research; verify manually for final A&R decisions.
Kworb Spotify Weekly Chart - Lithuania,2026-06-11,58,+3,Katy Perry,The One That Got Away,7,57,,22269,582,139261,,Spotify streams,English / international,international / non-local,pop,pop_alt_pop,pop / alt-pop,Language/genre/origin are inferred labels for market research; verify manually for final A&R decisions.
Kworb Spotify Weekly Chart - Lithuania,2026-06-11,59,-32,Olivia Rodrigo,the cure,3,25,,22191,-7343,81633,,Spotify streams,English / international,international / non-local,pop rock / alt-pop,pop_alt_pop,pop / alt-pop,Language/genre/origin are inferred labels for market research; verify manually for final A&R decisions.
Kworb Spotify Weekly Chart - Lithuania,2026-06-11,60,-3,Jessica Shy,Stadionai (w/ Rokas),270,9,,21916,58,5476862,,Spotify streams,Lithuanian / local artist,Lithuania / local,contemporary pop / alt-pop,pop_alt_pop,pop / alt-pop,Language/genre/origin are inferred labels for market research; verify manually for final A&R decisions.
Kworb Spotify Weekly Chart - Lithuania,2026-06-11,61,+20,Black Eyed Peas,Meet Me Halfway,44,61,,21837,2348,713430,,Spotify streams,English / international,international / non-local,pop-rap / dance-pop,dance_electronic,dance-pop / electronic,Language/genre/origin are inferred labels for market research; verify manually for final A&R decisions.
Kworb Spotify Weekly Chart - Lithuania,2026-06-11,62,-17,Sean Paul,(When You Gonna) Give It Up to Me (w/ Keyshia Cole),23,12,,21771,-3065,735571,,Spotify streams,English / international,international / non-local,dancehall / pop,latin_afro_global,Latin / Afro / global rhythmic,Language/genre/origin are inferred labels for market research; verify manually for final A&R decisions.
Kworb Spotify Weekly Chart - Lithuania,2026-06-11,63,-1,Michael Jackson,Dirty Diana - 2012 Remaster,7,34,,21738,116,158700,,Spotify streams,English / international,international / non-local,classic pop / funk,nostalgia_catalog,nostalgia catalog,Language/genre/origin are inferred labels for market research; verify manually for final A&R decisions.
Kworb Spotify Weekly Chart - Lithuania,2026-06-11,64,+30,Rihanna,Don't Stop The Music,62,64,,21599,2931,1053284,,Spotify streams,English / international,international / non-local,pop / R&B,pop_alt_pop,pop / alt-pop,Language/genre/origin are inferred labels for market research; verify manually for final A&R decisions.
Kworb Spotify Weekly Chart - Lithuania,2026-06-11,65,-13,BTS,SWIM,12,2,x1,21272,-1396,375402,,Spotify streams,Korean artist / mostly English or K-pop,international / non-local,K-pop / pop,kpop_global,K-pop / global pop,Language/genre/origin are inferred labels for market research; verify manually for final A&R decisions.
Kworb Spotify Weekly Chart - Lithuania,2026-06-11,66,-11,Blood Orange,Champagne Coast,81,22,,21167,-794,1700011,,Spotify streams,English / international,international / non-local,alternative R&B / indie,indie_alternative,indie / alternative,Language/genre/origin are inferred labels for market research; verify manually for final A&R decisions.
Kworb Spotify Weekly Chart - Lithuania,2026-06-11,67,+12,MiyaGi & Endspiel,I Got Love (w/ Rem Digga),192,67,,21141,1540,1748372,,Spotify streams,English / international,international / non-local,Russian hip-hop / pop-rap,russian_pop_rap,Russian pop / pop-rap,Language/genre/origin are inferred labels for market research; verify manually for final A&R decisions.
Kworb Spotify Weekly Chart - Lithuania,2026-06-11,68,-3,Sel,Perlai,146,31,,21035,-139,2936224,,Spotify streams,Lithuanian / local artist,Lithuania / local,Lithuanian pop / dance / hip-hop,melodic_hiphop_poprap,melodic hip-hop / pop-rap,Language/genre/origin are inferred labels for market research; verify manually for final A&R decisions.
Kworb Spotify Weekly Chart - Lithuania,2026-06-11,69,+7,The Neighbourhood,Sweater Weather,379,12,,20752,823,6677598,,Spotify streams,English / international,international / non-local,indie rock / alt-pop,indie_alternative,indie / alternative,Language/genre/origin are inferred labels for market research; verify manually for final A&R decisions.
Kworb Spotify Weekly Chart - Lithuania,2026-06-11,70,+14,FOJE,Kitoks Pasaulis,52,5,,20736,1351,1218852,,Spotify streams,Lithuanian / local artist,Lithuania / local,Lithuanian rock / nostalgia,rock_alternative,rock / alternative,Language/genre/origin are inferred labels for market research; verify manually for final A&R decisions.
Kworb Spotify Weekly Chart - Lithuania,2026-06-11,71,+12,The Police,Every Breath You Take,81,11,,20711,1269,1938667,,Spotify streams,English / international,international / non-local,classic rock / new wave,nostalgia_catalog,nostalgia catalog,Language/genre/origin are inferred labels for market research; verify manually for final A&R decisions.
Kworb Spotify Weekly Chart - Lithuania,2026-06-11,72,-2,Justinas Jarutis,VISI ŽENKLAI (w/ Aistè),36,8,,20416,-431,1068580,,Spotify streams,Lithuanian / local artist,Lithuania / local,Lithuanian pop / soft rock,pop_alt_pop,pop / alt-pop,Language/genre/origin are inferred labels for market research; verify manually for final A&R decisions.
Kworb Spotify Weekly Chart - Lithuania,2026-06-11,73,+1,Olivia Dean,Man I Need,42,15,,20380,139,1161397,,Spotify streams,English / international,international / non-local,soul-pop / R&B,pop_alt_pop,pop / alt-pop,Language/genre/origin are inferred labels for market research; verify manually for final A&R decisions.
Kworb Spotify Weekly Chart - Lithuania,2026-06-11,74,+17,Drake,"One Dance (w/ Wizkid, Kyla)",177,1,x11,20372,1463,2144420,,Spotify streams,English / international,international / non-local,hip-hop / R&B,melodic_hiphop_poprap,melodic hip-hop / pop-rap,Language/genre/origin are inferred labels for market research; verify manually for final A&R decisions.
Kworb Spotify Weekly Chart - Lithuania,2026-06-11,75,-3,Funky,Šypsenos,23,28,,20340,-29,511079,,Spotify streams,Lithuanian / local artist,Lithuania / local,Lithuanian pop / nostalgia,nostalgia_catalog,nostalgia catalog,Language/genre/origin are inferred labels for market research; verify manually for final A&R decisions.
Kworb Spotify Weekly Chart - Lithuania,2026-06-11,76,+19,SEREBRO,Мало тебя,20,76,,20243,1615,324065,,Spotify streams,Russian / Cyrillic,international / non-local,Russian pop,russian_pop_rap,Russian pop / pop-rap,Language/genre/origin are inferred labels for market research; verify manually for final A&R decisions.
Kworb Spotify Weekly Chart - Lithuania,2026-06-11,77,+5,Prospa,Free Your Mind (w/ Cloonee),3,77,,20052,568,59084,,Spotify streams,English / international,international / non-local,house / electronic,dance_electronic,dance-pop / electronic,Language/genre/origin are inferred labels for market research; verify manually for final A&R decisions.
Kworb Spotify Weekly Chart - Lithuania,2026-06-11,78,-7,Evgenya Redko,Čempionai,32,23,,19997,-436,702182,,Spotify streams,Lithuanian / local artist,Lithuania / local,Lithuanian alt-pop / electronic pop,pop_alt_pop,pop / alt-pop,Language/genre/origin are inferred labels for market research; verify manually for final A&R decisions.
Kworb Spotify Weekly Chart - Lithuania,2026-06-11,79,-15,RAYE,WHERE IS MY HUSBAND!,38,9,,19864,-1330,1273327,,Spotify streams,English / international,international / non-local,pop / R&B,pop_alt_pop,pop / alt-pop,Language/genre/origin are inferred labels for market research; verify manually for final A&R decisions.
Kworb Spotify Weekly Chart - Lithuania,2026-06-11,80,+31,Free Finga,Anglys,117,6,,19749,2065,2634291,,Spotify streams,Lithuanian / local artist,Lithuania / local,alt-pop / electronic pop,pop_alt_pop,pop / alt-pop,Language/genre/origin are inferred labels for market research; verify manually for final A&R decisions.
Kworb Spotify Weekly Chart - Lithuania,2026-06-11,81,-15,Kings of Leon,Sex on Fire,80,66,,19687,-1426,775500,,Spotify streams,English / international,international / non-local,rock,rock_alternative,rock / alternative,Language/genre/origin are inferred labels for market research; verify manually for final A&R decisions.
Kworb Spotify Weekly Chart - Lithuania,2026-06-11,82,-26,Mac Miller,The Spins (w/ Empire Of The Sun),12,56,,19526,-2382,243889,,Spotify streams,English / international,international / non-local,hip-hop / alternative rap,melodic_hiphop_poprap,melodic hip-hop / pop-rap,Language/genre/origin are inferred labels for market research; verify manually for final A&R decisions.
Kworb Spotify Weekly Chart - Lithuania,2026-06-11,83,+15,MATRANG,Медуза,42,83,,19370,961,645606,,Spotify streams,Russian / Cyrillic,international / non-local,Russian pop / pop-rap,russian_pop_rap,Russian pop / pop-rap,Language/genre/origin are inferred labels for market research; verify manually for final A&R decisions.
Kworb Spotify Weekly Chart - Lithuania,2026-06-11,84,-25,Sel,Sel 600,25,59,,19266,-2487,449231,,Spotify streams,Lithuanian / local artist,Lithuania / local,Lithuanian pop / dance / hip-hop,melodic_hiphop_poprap,melodic hip-hop / pop-rap,Language/genre/origin are inferred labels for market research; verify manually for final A&R decisions.
Kworb Spotify Weekly Chart - Lithuania,2026-06-11,85,+29,Don Omar,Danza Kuduro (w/ Lucenzo),13,85,,18939,1597,189175,,Spotify streams,English / international,international / non-local,reggaeton / Latin pop,latin_afro_global,Latin / Afro / global rhythmic,Language/genre/origin are inferred labels for market research; verify manually for final A&R decisions.
Kworb Spotify Weekly Chart - Lithuania,2026-06-11,86,-6,Disco Lines,No Broke Boys (w/ Tinashe),52,10,,18833,-760,1509619,,Spotify streams,English / international,international / non-local,dance-pop / electronic,dance_electronic,dance-pop / electronic,Language/genre/origin are inferred labels for market research; verify manually for final A&R decisions.
Kworb Spotify Weekly Chart - Lithuania,2026-06-11,87,-24,Jovani,Jis (w/ Ledi Ais),91,23,,18629,-2662,2070656,,Spotify streams,Lithuanian / local artist,Lithuania / local,dance-pop / electronic,dance_electronic,dance-pop / electronic,Language/genre/origin are inferred labels for market research; verify manually for final A&R decisions.
Kworb Spotify Weekly Chart - Lithuania,2026-06-11,88,+42,Gigi Perez,Sailor Song,98,2,x4,18590,2082,3059513,,Spotify streams,English / international,international / non-local,singer-songwriter / indie pop,indie_alternative,indie / alternative,Language/genre/origin are inferred labels for market research; verify manually for final A&R decisions.
Kworb Spotify Weekly Chart - Lithuania,2026-06-11,89,=,Slayyyter,DANCE...,3,89,,18585,-424,53353,,Spotify streams,English / international,international / non-local,dance-pop / hyperpop,dance_electronic,dance-pop / electronic,Language/genre/origin are inferred labels for market research; verify manually for final A&R decisions.
Kworb Spotify Weekly Chart - Lithuania,2026-06-11,90,-4,Pinup Girls,Cirkas,86,42,,18562,-659,1595374,,Spotify streams,Lithuanian / local artist,Lithuania / local,Lithuanian pop / dance-pop,dance_electronic,dance-pop / electronic,Language/genre/origin are inferred labels for market research; verify manually for final A&R decisions.
Kworb Spotify Weekly Chart - Lithuania,2026-06-11,91,NEW,Taylor Swift,"I Knew It, I Knew You",1,91,,18562,,18562,,Spotify streams,English / international,international / non-local,pop,pop_alt_pop,pop / alt-pop,Language/genre/origin are inferred labels for market research; verify manually for final A&R decisions.
Kworb Spotify Weekly Chart - Lithuania,2026-06-11,92,+42,Tame Impala,The Less I Know The Better,181,48,,18425,2056,1604665,,Spotify streams,English / international,international / non-local,psychedelic pop / indie,indie_alternative,indie / alternative,Language/genre/origin are inferred labels for market research; verify manually for final A&R decisions.
Kworb Spotify Weekly Chart - Lithuania,2026-06-11,93,+3,Sauben,Laužai (w/ Hiperbolė),64,9,,18367,-192,1584853,,Spotify streams,Lithuanian / local artist,Lithuania / local,Lithuanian pop / nostalgia,nostalgia_catalog,nostalgia catalog,Language/genre/origin are inferred labels for market research; verify manually for final A&R decisions.
Kworb Spotify Weekly Chart - Lithuania,2026-06-11,94,NEW,ridgeclub,do i clench my fists?,1,94,,18325,,18325,,Spotify streams,English / international,international / non-local,indie pop / internet pop,indie_alternative,indie / alternative,Language/genre/origin are inferred labels for market research; verify manually for final A&R decisions.
Kworb Spotify Weekly Chart - Lithuania,2026-06-11,95,+27,Empire Of The Sun,Walking On A Dream,54,73,,18282,1556,846541,,Spotify streams,English / international,international / non-local,electronic pop / synth-pop,dance_electronic,dance-pop / electronic,Language/genre/origin are inferred labels for market research; verify manually for final A&R decisions.
Kworb Spotify Weekly Chart - Lithuania,2026-06-11,96,+5,Adrina,Atsukim Laiką,75,83,,18246,-19,1176696,,Spotify streams,Lithuanian / local artist,Lithuania / local,Lithuanian pop,pop_alt_pop,pop / alt-pop,Language/genre/origin are inferred labels for market research; verify manually for final A&R decisions.
Kworb Spotify Weekly Chart - Lithuania,2026-06-11,97,-5,Vance Joy,Riptide,407,12,,18153,-724,3258577,,Spotify streams,English / international,international / non-local,folk-pop,pop_alt_pop,pop / alt-pop,Language/genre/origin are inferred labels for market research; verify manually for final A&R decisions.
Kworb Spotify Weekly Chart - Lithuania,2026-06-11,98,+2,Bad Bunny,NUEVAYoL,21,2,x2,18060,-327,529679,,Spotify streams,English / international,international / non-local,Latin urbano / reggaeton,latin_afro_global,Latin / Afro / global rhythmic,Language/genre/origin are inferred labels for market research; verify manually for final A&R decisions.
Kworb Spotify Weekly Chart - Lithuania,2026-06-11,99,=,Bad Bunny,BAILE INoLVIDABLE,17,3,x1,17978,-424,417547,,Spotify streams,English / international,international / non-local,Latin urbano / reggaeton,latin_afro_global,Latin / Afro / global rhythmic,Language/genre/origin are inferred labels for market research; verify manually for final A&R decisions.
Kworb Spotify Weekly Chart - Lithuania,2026-06-11,100,-31,Rokas Yan,Skauda,32,24,,17972,-2917,680433,,Spotify streams,Lithuanian / local artist,Lithuania / local,Lithuanian pop / alt-pop,pop_alt_pop,pop / alt-pop,Language/genre/origin are inferred labels for market research; verify manually for final A&R decisions.
Kworb Spotify Weekly Chart - Lithuania,2026-06-11,101,-16,G&G Sindikatas,Laikas Keistis,61,31,,17969,-1376,1259674,,Spotify streams,Lithuanian / local artist,Lithuania / local,Lithuanian hip-hop,melodic_hiphop_poprap,melodic hip-hop / pop-rap,Language/genre/origin are inferred labels for market research; verify manually for final A&R decisions.
Kworb Spotify Weekly Chart - Lithuania,2026-06-11,102,+25,Jazzu,Mergytei '99 (w/ Faustas),8,78,,17887,1367,139327,,Spotify streams,Lithuanian / local artist,Lithuania / local,Lithuanian pop / soul-pop,pop_alt_pop,pop / alt-pop,Language/genre/origin are inferred labels for market research; verify manually for final A&R decisions.
Kworb Spotify Weekly Chart - Lithuania,2026-06-11,103,+55,Childish Gambino,Heartbeat,79,91,,17862,2435,1188654,,Spotify streams,English / international,international / non-local,hip-hop / R&B,melodic_hiphop_poprap,melodic hip-hop / pop-rap,Language/genre/origin are inferred labels for market research; verify manually for final A&R decisions.
Kworb Spotify Weekly Chart - Lithuania,2026-06-11,104,-1,Adrina,Kodėl,11,103,,17807,-414,176041,,Spotify streams,Lithuanian / local artist,Lithuania / local,Lithuanian pop,pop_alt_pop,pop / alt-pop,Language/genre/origin are inferred labels for market research; verify manually for final A&R decisions.
Kworb Spotify Weekly Chart - Lithuania,2026-06-11,105,-27,Olialia Pupytės,Olialia Pupytės - Montana Rmx,16,9,,17801,-1845,459134,,Spotify streams,Lithuanian / local artist,Lithuania / local,Lithuanian pop / dance-pop,dance_electronic,dance-pop / electronic,Language/genre/origin are inferred labels for market research; verify manually for final A&R decisions.
Kworb Spotify Weekly Chart - Lithuania,2026-06-11,106,-31,Jung Kook,3D (w/ Jack Harlow),25,9,,17780,-2445,525755,,Spotify streams,Korean artist / mostly English or K-pop,international / non-local,K-pop / pop,kpop_global,K-pop / global pop,Language/genre/origin are inferred labels for market research; verify manually for final A&R decisions.
Kworb Spotify Weekly Chart - Lithuania,2026-06-11,107,+43,Jessica Shy,Žvaigždės,104,1,x8,17748,2093,4111803,,Spotify streams,Lithuanian / local artist,Lithuania / local,contemporary pop / alt-pop,pop_alt_pop,pop / alt-pop,Language/genre/origin are inferred labels for market research; verify manually for final A&R decisions.
Kworb Spotify Weekly Chart - Lithuania,2026-06-11,108,-18,Lykke Li,I Follow Rivers - The Magician Remix (w/ The Magician),42,72,,17651,-1318,713805,,Spotify streams,English / international,international / non-local,indie pop / electronic,indie_alternative,indie / alternative,Language/genre/origin are inferred labels for market research; verify manually for final A&R decisions.
Kworb Spotify Weekly Chart - Lithuania,2026-06-11,109,+6,Olivia Dean,So Easy (To Fall In Love),36,31,,17608,296,838762,,Spotify streams,English / international,international / non-local,soul-pop / R&B,pop_alt_pop,pop / alt-pop,Language/genre/origin are inferred labels for market research; verify manually for final A&R decisions.
Kworb Spotify Weekly Chart - Lithuania,2026-06-11,110,-33,Aistė Pilvelytė,Leisk Sau,74,39,,17503,-2152,1330343,,Spotify streams,Lithuanian / local artist,Lithuania / local,Lithuanian pop / adult contemporary,pop_alt_pop,pop / alt-pop,Language/genre/origin are inferred labels for market research; verify manually for final A&R decisions.
Kworb Spotify Weekly Chart - Lithuania,2026-06-11,111,-24,Pitbull,"Give Me Everything (w/ Ne-Yo, AFROJACK, Nayer)",53,30,,17396,-1825,866284,,Spotify streams,English / international,international / non-local,dance-pop / Latin pop,dance_electronic,dance-pop / electronic,Language/genre/origin are inferred labels for market research; verify manually for final A&R decisions.
Kworb Spotify Weekly Chart - Lithuania,2026-06-11,112,+4,Eldzhey,Розовое вино (w/ FEDUK),74,60,,17379,159,629805,,Spotify streams,Russian / Cyrillic,international / non-local,Russian pop / pop-rap,russian_pop_rap,Russian pop / pop-rap,Language/genre/origin are inferred labels for market research; verify manually for final A&R decisions.
Kworb Spotify Weekly Chart - Lithuania,2026-06-11,113,-11,Calvin Harris,How Deep Is Your Love (w/ Disciples),111,1,x3,17353,-883,1364682,,Spotify streams,English / international,international / non-local,dance-pop / electronic,dance_electronic,dance-pop / electronic,Language/genre/origin are inferred labels for market research; verify manually for final A&R decisions.
Kworb Spotify Weekly Chart - Lithuania,2026-06-11,114,+38,Norbertas,Sapnas,85,22,,17348,1699,1750908,,Spotify streams,Lithuanian / local artist,Lithuania / local,Lithuanian pop / electronic pop,pop_alt_pop,pop / alt-pop,Language/genre/origin are inferred labels for market research; verify manually for final A&R decisions.
Kworb Spotify Weekly Chart - Lithuania,2026-06-11,115,-8,Katy Perry,Legendary Lovers,8,70,,17295,-772,142378,,Spotify streams,English / international,international / non-local,pop,pop_alt_pop,pop / alt-pop,Language/genre/origin are inferred labels for market research; verify manually for final A&R decisions.
Kworb Spotify Weekly Chart - Lithuania,2026-06-11,116,+24,Rihanna,S&M,30,100,,17191,1246,477342,,Spotify streams,English / international,international / non-local,pop / R&B,pop_alt_pop,pop / alt-pop,Language/genre/origin are inferred labels for market research; verify manually for final A&R decisions.
Kworb Spotify Weekly Chart - Lithuania,2026-06-11,117,+22,SEREBRO,Отпусти меня,24,53,,17182,1178,418792,,Spotify streams,Russian / Cyrillic,international / non-local,Russian pop,russian_pop_rap,Russian pop / pop-rap,Language/genre/origin are inferred labels for market research; verify manually for final A&R decisions.
Kworb Spotify Weekly Chart - Lithuania,2026-06-11,118,-6,Sel,Nes Aš Tik Vėjas,160,36,,17172,-444,2923441,,Spotify streams,Lithuanian / local artist,Lithuania / local,Lithuanian pop / dance / hip-hop,melodic_hiphop_poprap,melodic hip-hop / pop-rap,Language/genre/origin are inferred labels for market research; verify manually for final A&R decisions.
Kworb Spotify Weekly Chart - Lithuania,2026-06-11,119,-9,Michael Jackson,Don't Stop 'Til You Get Enough - Single Version,6,60,,17128,-686,112709,,Spotify streams,English / international,international / non-local,classic pop / funk,nostalgia_catalog,nostalgia catalog,Language/genre/origin are inferred labels for market research; verify manually for final A&R decisions.
Kworb Spotify Weekly Chart - Lithuania,2026-06-11,120,-12,Paulina Paukštaitytė,Pažįstamas Jausmas (w/ Adomas Vyšniauskas),25,31,,17117,-823,568837,,Spotify streams,Lithuanian / local artist,Lithuania / local,Lithuanian pop,pop_alt_pop,pop / alt-pop,Language/genre/origin are inferred labels for market research; verify manually for final A&R decisions.
Kworb Spotify Weekly Chart - Lithuania,2026-06-11,121,-2,Taylor Swift,The Fate of Ophelia,36,2,x1,17075,-64,1255884,,Spotify streams,English / international,international / non-local,pop,pop_alt_pop,pop / alt-pop,Language/genre/origin are inferred labels for market research; verify manually for final A&R decisions.
Kworb Spotify Weekly Chart - Lithuania,2026-06-11,122,-71,Alexandra Căpitănescu,Choke Me,4,3,x1,16931,-6054,151956,,Spotify streams,English / international,international / non-local,pop / rock,pop_alt_pop,pop / alt-pop,Language/genre/origin are inferred labels for market research; verify manually for final A&R decisions.
Kworb Spotify Weekly Chart - Lithuania,2026-06-11,123,-56,Drake,National Treasures,4,11,,16899,-4157,110952,,Spotify streams,English / international,international / non-local,hip-hop / R&B,melodic_hiphop_poprap,melodic hip-hop / pop-rap,Language/genre/origin are inferred labels for market research; verify manually for final A&R decisions.
Kworb Spotify Weekly Chart - Lithuania,2026-06-11,124,-15,A$AP Rocky,"I Smoked Away My Brain (I'm God x Demons Mashup) (w/ Imogen Heap, Clams Casino)",139,5,,16751,-1066,3818654,,Spotify streams,English / international,international / non-local,hip-hop,melodic_hiphop_poprap,melodic hip-hop / pop-rap,Language/genre/origin are inferred labels for market research; verify manually for final A&R decisions.
Kworb Spotify Weekly Chart - Lithuania,2026-06-11,125,-12,Biplan,Kino filmai 2015 (w/ Agnė Ditkovskytė),97,45,,16730,-755,1681941,,Spotify streams,Lithuanian / local artist,Lithuania / local,Lithuanian pop rock / nostalgia,rock_alternative,rock / alternative,Language/genre/origin are inferred labels for market research; verify manually for final A&R decisions.
Kworb Spotify Weekly Chart - Lithuania,2026-06-11,126,+5,Calvin Harris,Outside (w/ Ellie Goulding),61,2,x1,16728,303,665785,,Spotify streams,English / international,international / non-local,dance-pop / electronic,dance_electronic,dance-pop / electronic,Language/genre/origin are inferred labels for market research; verify manually for final A&R decisions.
Kworb Spotify Weekly Chart - Lithuania,2026-06-11,127,+2,Solo Ansamblis,Neturėjom Dainos,115,20,,16722,206,1321428,,Spotify streams,Lithuanian / local artist,Lithuania / local,alternative electronic / post-punk,indie_alternative,indie / alternative,Language/genre/origin are inferred labels for market research; verify manually for final A&R decisions.
Kworb Spotify Weekly Chart - Lithuania,2026-06-11,128,+41,Jessica Shy,Nepyk Ant Manęs (w/ Free Finga),98,8,,16637,1504,2812940,,Spotify streams,Lithuanian / local artist,Lithuania / local,contemporary pop / alt-pop,pop_alt_pop,pop / alt-pop,Language/genre/origin are inferred labels for market research; verify manually for final A&R decisions.
Kworb Spotify Weekly Chart - Lithuania,2026-06-11,129,+14,Coldplay,Adventure Of A Lifetime,68,5,,16628,714,523774,,Spotify streams,English / international,international / non-local,pop rock,pop_alt_pop,pop / alt-pop,Language/genre/origin are inferred labels for market research; verify manually for final A&R decisions.
Kworb Spotify Weekly Chart - Lithuania,2026-06-11,130,+48,FC Baseball,Labai,39,29,,16602,1654,736552,,Spotify streams,Lithuanian / local artist,Lithuania / local,Lithuanian indie pop / rock,indie_alternative,indie / alternative,Language/genre/origin are inferred labels for market research; verify manually for final A&R decisions.
Kworb Spotify Weekly Chart - Lithuania,2026-06-11,131,-6,69 Danguje,Velniškas Greitis,52,60,,16529,-63,843204,,Spotify streams,Lithuanian / local artist,Lithuania / local,Lithuanian pop / dance-pop,pop_alt_pop,pop / alt-pop,Language/genre/origin are inferred labels for market research; verify manually for final A&R decisions.
Kworb Spotify Weekly Chart - Lithuania,2026-06-11,132,-6,Gorillaz,Feel Good Inc,86,35,,16508,-84,1540028,,Spotify streams,English / international,international / non-local,alternative / hip-hop,indie_alternative,indie / alternative,Language/genre/origin are inferred labels for market research; verify manually for final A&R decisions.
Kworb Spotify Weekly Chart - Lithuania,2026-06-11,133,NEW,Feist,My Moon My Man,1,133,,16420,,16420,,Spotify streams,English / international,international / non-local,indie pop / singer-songwriter,indie_alternative,indie / alternative,Language/genre/origin are inferred labels for market research; verify manually for final A&R decisions.
Kworb Spotify Weekly Chart - Lithuania,2026-06-11,134,-28,Milky,Just the Way You Are,19,6,,16294,-1804,546329,,Spotify streams,English / international,international / non-local,pop / dance-pop,dance_electronic,dance-pop / electronic,Language/genre/origin are inferred labels for market research; verify manually for final A&R decisions.
Kworb Spotify Weekly Chart - Lithuania,2026-06-11,135,+20,The Killers,Mr. Brightside,12,127,,16228,778,108694,,Spotify streams,English / international,international / non-local,rock / indie rock,rock_alternative,rock / alternative,Language/genre/origin are inferred labels for market research; verify manually for final A&R decisions.
Kworb Spotify Weekly Chart - Lithuania,2026-06-11,136,NEW,Nombeko Auguste,Mano Vanduo,1,136,,16184,,16184,,Spotify streams,Lithuanian / local artist,Lithuania / local,Lithuanian pop / electronic pop,pop_alt_pop,pop / alt-pop,Language/genre/origin are inferred labels for market research; verify manually for final A&R decisions.
Kworb Spotify Weekly Chart - Lithuania,2026-06-11,137,-4,ba.,Sugebėt Pasikeist - Bonus Track,27,92,,16140,-249,358689,,Spotify streams,Lithuanian / local artist,Lithuania / local,Lithuanian indie rock / alternative,indie_alternative,indie / alternative,Language/genre/origin are inferred labels for market research; verify manually for final A&R decisions.
Kworb Spotify Weekly Chart - Lithuania,2026-06-11,138,-1,Evgenya Redko,Įkliuvau,83,35,,16127,9,1759707,,Spotify streams,Lithuanian / local artist,Lithuania / local,Lithuanian alt-pop / electronic pop,pop_alt_pop,pop / alt-pop,Language/genre/origin are inferred labels for market research; verify manually for final A&R decisions.
Kworb Spotify Weekly Chart - Lithuania,2026-06-11,139,-16,Sel,Parašyk Man Laišką Iš Paryžiaus,134,65,,16115,-590,2084172,,Spotify streams,Lithuanian / local artist,Lithuania / local,Lithuanian pop / dance / hip-hop,melodic_hiphop_poprap,melodic hip-hop / pop-rap,Language/genre/origin are inferred labels for market research; verify manually for final A&R decisions.
Kworb Spotify Weekly Chart - Lithuania,2026-06-11,140,-2,CORTIS,REDRED,7,38,,16105,89,136528,,Spotify streams,Korean artist / mostly English or K-pop,international / non-local,K-pop / pop,kpop_global,K-pop / global pop,Language/genre/origin are inferred labels for market research; verify manually for final A&R decisions.
Kworb Spotify Weekly Chart - Lithuania,2026-06-11,141,+50,JBC,SIJONĖLIS,30,76,,16080,1488,490849,,Spotify streams,Lithuanian / Baltic-language signal,international / non-local,unknown / needs manual verification,unknown,unknown / needs manual verification,Language/genre/origin are inferred labels for market research; verify manually for final A&R decisions.
Kworb Spotify Weekly Chart - Lithuania,2026-06-11,142,-10,Eldzhey,Рваные джинсы,12,75,,16074,-322,186247,,Spotify streams,Russian / Cyrillic,international / non-local,Russian pop / pop-rap,russian_pop_rap,Russian pop / pop-rap,Language/genre/origin are inferred labels for market research; verify manually for final A&R decisions.
Kworb Spotify Weekly Chart - Lithuania,2026-06-11,143,+57,Nirvana,Smells Like Teen Spirit - Remastered,65,105,,15999,1623,656464,,Spotify streams,English / international,international / non-local,grunge / rock,rock_alternative,rock / alternative,Language/genre/origin are inferred labels for market research; verify manually for final A&R decisions.
Kworb Spotify Weekly Chart - Lithuania,2026-06-11,144,-3,MiyaGi & Endspiel,In Love (w/ Kadi),32,118,,15956,15,479115,,Spotify streams,English / international,international / non-local,Russian hip-hop / pop-rap,russian_pop_rap,Russian pop / pop-rap,Language/genre/origin are inferred labels for market research; verify manually for final A&R decisions.
Kworb Spotify Weekly Chart - Lithuania,2026-06-11,145,RE,Nelly Furtado,Promiscuous (w/ Timbaland),74,87,,15933,,975498,,Spotify streams,English / international,international / non-local,pop / R&B,pop_alt_pop,pop / alt-pop,Language/genre/origin are inferred labels for market research; verify manually for final A&R decisions.
Kworb Spotify Weekly Chart - Lithuania,2026-06-11,146,-26,Bob Sinclar,"World, Hold On - FISHER Rework (w/ Steve Edwards, FISHER)",120,54,,15931,-1113,2044405,,Spotify streams,English / international,international / non-local,house / dance,dance_electronic,dance-pop / electronic,Language/genre/origin are inferred labels for market research; verify manually for final A&R decisions.
Kworb Spotify Weekly Chart - Lithuania,2026-06-11,147,-29,sombr,Homewrecker,18,24,,15923,-1258,426520,,Spotify streams,English / international,international / non-local,indie pop,indie_alternative,indie / alternative,Language/genre/origin are inferred labels for market research; verify manually for final A&R decisions.
Kworb Spotify Weekly Chart - Lithuania,2026-06-11,148,+17,Billie Eilish,BIRDS OF A FEATHER,108,1,x1,15893,661,4271201,,Spotify streams,English / international,international / non-local,alt-pop,pop_alt_pop,pop / alt-pop,Language/genre/origin are inferred labels for market research; verify manually for final A&R decisions.
Kworb Spotify Weekly Chart - Lithuania,2026-06-11,149,-13,Lilas ir Innomine,Karina,236,11,,15871,-325,1945022,,Spotify streams,Lithuanian / local artist,Lithuania / local,Lithuanian hip-hop / pop-rap,melodic_hiphop_poprap,melodic hip-hop / pop-rap,Language/genre/origin are inferred labels for market research; verify manually for final A&R decisions.
Kworb Spotify Weekly Chart - Lithuania,2026-06-11,150,-46,Milky Chance,Stolen Dance,183,5,,15830,-2367,1809071,,Spotify streams,English / international,international / non-local,pop / dance-pop,dance_electronic,dance-pop / electronic,Language/genre/origin are inferred labels for market research; verify manually for final A&R decisions.
Kworb Spotify Weekly Chart - Lithuania,2026-06-11,151,+46,KATSEYE,PINKY UP,9,10,,15805,1350,202420,,Spotify streams,English / international,international / non-local,unknown / needs manual verification,unknown,unknown / needs manual verification,Language/genre/origin are inferred labels for market research; verify manually for final A&R decisions.
Kworb Spotify Weekly Chart - Lithuania,2026-06-11,152,+18,Lex Amarni,the kill 2 (w/ 2muchmotion),3,152,,15781,659,44388,,Spotify streams,English / international,international / non-local,unknown / needs manual verification,unknown,unknown / needs manual verification,Language/genre/origin are inferred labels for market research; verify manually for final A&R decisions.
Kworb Spotify Weekly Chart - Lithuania,2026-06-11,153,-36,Vaidas Baumila,Myliu,186,24,,15769,-1428,3490576,,Spotify streams,Lithuanian / local artist,Lithuania / local,Lithuanian pop,pop_alt_pop,pop / alt-pop,Language/genre/origin are inferred labels for market research; verify manually for final A&R decisions.
Kworb Spotify Weekly Chart - Lithuania,2026-06-11,154,NEW,Saulės Kliošas,Tavo Akys,1,154,,15739,,15739,,Spotify streams,Lithuanian / Baltic-language signal,international / non-local,unknown / needs manual verification,unknown,unknown / needs manual verification,Language/genre/origin are inferred labels for market research; verify manually for final A&R decisions.
Kworb Spotify Weekly Chart - Lithuania,2026-06-11,155,-67,Atlanta,Man Patinka Taip Gyvent,54,9,,15699,-3378,1280057,,Spotify streams,English / international,international / non-local,unknown / needs manual verification,unknown,unknown / needs manual verification,Language/genre/origin are inferred labels for market research; verify manually for final A&R decisions.
Kworb Spotify Weekly Chart - Lithuania,2026-06-11,156,RE,Nombeko Auguste,Bus Kaip Nori,7,138,,15567,,106564,,Spotify streams,Lithuanian / local artist,Lithuania / local,Lithuanian pop / electronic pop,pop_alt_pop,pop / alt-pop,Language/genre/origin are inferred labels for market research; verify manually for final A&R decisions.
Kworb Spotify Weekly Chart - Lithuania,2026-06-11,157,NEW,HUGEL,"Movin' To The Sun (w/ Imael Angel, Ultra Naté)",1,157,,15530,,15530,,Spotify streams,English / international,international / non-local,unknown / needs manual verification,unknown,unknown / needs manual verification,Language/genre/origin are inferred labels for market research; verify manually for final A&R decisions.
Kworb Spotify Weekly Chart - Lithuania,2026-06-11,158,+15,Michael Jackson,Bad - 2012 Remaster,5,158,,15528,475,73757,,Spotify streams,English / international,international / non-local,classic pop / funk,nostalgia_catalog,nostalgia catalog,Language/genre/origin are inferred labels for market research; verify manually for final A&R decisions.
Kworb Spotify Weekly Chart - Lithuania,2026-06-11,159,-5,Arctic Monkeys,505,287,20,,15399,-102,4193664,,Spotify streams,English / international,international / non-local,unknown / needs manual verification,unknown,unknown / needs manual verification,Language/genre/origin are inferred labels for market research; verify manually for final A&R decisions.
Kworb Spotify Weekly Chart - Lithuania,2026-06-11,160,+23,Jessica Shy,Šokam Lėtai,229,1,x1,15392,584,5880148,,Spotify streams,Lithuanian / local artist,Lithuania / local,contemporary pop / alt-pop,pop_alt_pop,pop / alt-pop,Language/genre/origin are inferred labels for market research; verify manually for final A&R decisions.
Kworb Spotify Weekly Chart - Lithuania,2026-06-11,161,+11,EsDeeKid,Phantom (w/ Rico Ace),40,2,x1,15385,317,1501994,,Spotify streams,English / international,international / non-local,unknown / needs manual verification,unknown,unknown / needs manual verification,Language/genre/origin are inferred labels for market research; verify manually for final A&R decisions.
Kworb Spotify Weekly Chart - Lithuania,2026-06-11,162,+4,Rihanna,Only Girl (In The World),24,131,,15370,203,358138,,Spotify streams,English / international,international / non-local,pop / R&B,pop_alt_pop,pop / alt-pop,Language/genre/origin are inferred labels for market research; verify manually for final A&R decisions.
Kworb Spotify Weekly Chart - Lithuania,2026-06-11,163,-15,Edward Maya,Stereo Love (Original) (w/ Vika Jigulina),2,148,,15366,-332,31064,,Spotify streams,English / international,international / non-local,unknown / needs manual verification,unknown,unknown / needs manual verification,Language/genre/origin are inferred labels for market research; verify manually for final A&R decisions.
Kworb Spotify Weekly Chart - Lithuania,2026-06-11,164,RE,Justinas Jarutis,Ko Tyli? (w/ Aistè),11,79,,15356,,176622,,Spotify streams,Lithuanian / local artist,Lithuania / local,Lithuanian pop / soft rock,pop_alt_pop,pop / alt-pop,Language/genre/origin are inferred labels for market research; verify manually for final A&R decisions.
Kworb Spotify Weekly Chart - Lithuania,2026-06-11,165,-3,PIXY,LEGACY,6,162,,15270,-28,92002,,Spotify streams,English / international,international / non-local,unknown / needs manual verification,unknown,unknown / needs manual verification,Language/genre/origin are inferred labels for market research; verify manually for final A&R decisions.
Kworb Spotify Weekly Chart - Lithuania,2026-06-11,166,+9,Duke Dumont,Ocean Drive,101,24,,15240,272,657160,,Spotify streams,English / international,international / non-local,unknown / needs manual verification,unknown,unknown / needs manual verification,Language/genre/origin are inferred labels for market research; verify manually for final A&R decisions.
Kworb Spotify Weekly Chart - Lithuania,2026-06-11,167,-32,Adomas Vyšniauskas,Jeigu Žinai Ko Tu Nori,82,1,x10,15222,-1123,3315738,,Spotify streams,Lithuanian / local artist,Lithuania / local,Lithuanian pop / ballad,pop_alt_pop,pop / alt-pop,Language/genre/origin are inferred labels for market research; verify manually for final A&R decisions.
Kworb Spotify Weekly Chart - Lithuania,2026-06-11,168,+17,Burak Yeter,Tuesday (w/ Danelle Sandoval),74,15,,15216,473,491772,,Spotify streams,English / international,international / non-local,unknown / needs manual verification,unknown,unknown / needs manual verification,Language/genre/origin are inferred labels for market research; verify manually for final A&R decisions.
Kworb Spotify Weekly Chart - Lithuania,2026-06-11,169,RE,Rae Sremmurd,Black Beatles (w/ Gucci Mane),35,2,x1,15215,,356856,,Spotify streams,English / international,international / non-local,unknown / needs manual verification,unknown,unknown / needs manual verification,Language/genre/origin are inferred labels for market research; verify manually for final A&R decisions.
Kworb Spotify Weekly Chart - Lithuania,2026-06-11,170,-19,Harry Styles,Sign of the Times,55,11,,15191,-461,455191,,Spotify streams,English / international,international / non-local,unknown / needs manual verification,unknown,unknown / needs manual verification,Language/genre/origin are inferred labels for market research; verify manually for final A&R decisions.
Kworb Spotify Weekly Chart - Lithuania,2026-06-11,171,+23,Грибы,Тает лёд,58,30,,15169,653,490858,,Spotify streams,Russian / Cyrillic,international / non-local,Russian pop / pop-rap,russian_pop_rap,Russian pop / pop-rap,Language/genre/origin are inferred labels for market research; verify manually for final A&R decisions.
Kworb Spotify Weekly Chart - Lithuania,2026-06-11,172,-48,69 Danguje,16 Metų,32,78,,15107,-1557,471132,,Spotify streams,Lithuanian / local artist,Lithuania / local,Lithuanian pop / dance-pop,pop_alt_pop,pop / alt-pop,Language/genre/origin are inferred labels for market research; verify manually for final A&R decisions.
Kworb Spotify Weekly Chart - Lithuania,2026-06-11,173,+1,Justinas Jarutis,Rugpjūtis (w/ Jessica Shy),212,1,x5,15028,20,5576871,,Spotify streams,Lithuanian / local artist,Lithuania / local,Lithuanian pop / soft rock,pop_alt_pop,pop / alt-pop,Language/genre/origin are inferred labels for market research; verify manually for final A&R decisions.
Kworb Spotify Weekly Chart - Lithuania,2026-06-11,174,RE,Timbaland,"The Way I Are (w/ Keri Hilson, D.O.E.)",76,92,,15019,,1108173,,Spotify streams,English / international,international / non-local,unknown / needs manual verification,unknown,unknown / needs manual verification,Language/genre/origin are inferred labels for market research; verify manually for final A&R decisions.
Kworb Spotify Weekly Chart - Lithuania,2026-06-11,175,RE,J. Cole,No Role Modelz,264,39,,14850,,3450237,,Spotify streams,English / international,international / non-local,unknown / needs manual verification,unknown,unknown / needs manual verification,Language/genre/origin are inferred labels for market research; verify manually for final A&R decisions.
Kworb Spotify Weekly Chart - Lithuania,2026-06-11,176,RE,Cigarettes After Sex,Apocalypse,251,26,,14817,,4092508,,Spotify streams,English / international,international / non-local,dream pop / indie,indie_alternative,indie / alternative,Language/genre/origin are inferred labels for market research; verify manually for final A&R decisions.
Kworb Spotify Weekly Chart - Lithuania,2026-06-11,177,-24,Radiohead,Creep,58,64,,14811,-701,986889,,Spotify streams,English / international,international / non-local,unknown / needs manual verification,unknown,unknown / needs manual verification,Language/genre/origin are inferred labels for market research; verify manually for final A&R decisions.
Kworb Spotify Weekly Chart - Lithuania,2026-06-11,178,+9,Chrystal,The Days - NOTION Remix (w/ NOTION),77,4,,14779,86,1971151,,Spotify streams,English / international,international / non-local,unknown / needs manual verification,unknown,unknown / needs manual verification,Language/genre/origin are inferred labels for market research; verify manually for final A&R decisions.
Kworb Spotify Weekly Chart - Lithuania,2026-06-11,179,-58,Major Lazer,"Lean On (w/ MØ, DJ Snake)",150,1,x11,14733,-2140,1260894,,Spotify streams,English / international,international / non-local,unknown / needs manual verification,unknown,unknown / needs manual verification,Language/genre/origin are inferred labels for market research; verify manually for final A&R decisions.
Kworb Spotify Weekly Chart - Lithuania,2026-06-11,180,RE,Solo Ansamblis,Tekstai Užrašai,25,49,,14716,,403404,,Spotify streams,Lithuanian / local artist,Lithuania / local,alternative electronic / post-punk,indie_alternative,indie / alternative,Language/genre/origin are inferred labels for market research; verify manually for final A&R decisions.
Kworb Spotify Weekly Chart - Lithuania,2026-06-11,181,RE,Free Finga,Chemija,93,10,,14638,,1874061,,Spotify streams,Lithuanian / local artist,Lithuania / local,alt-pop / electronic pop,pop_alt_pop,pop / alt-pop,Language/genre/origin are inferred labels for market research; verify manually for final A&R decisions.
Kworb Spotify Weekly Chart - Lithuania,2026-06-11,182,-35,Justinas Jarutis,Skambinau bažnyčiai (w/ Rokas Yan),62,44,,14620,-1130,1085581,,Spotify streams,Lithuanian / local artist,Lithuania / local,Lithuanian pop / soft rock,pop_alt_pop,pop / alt-pop,Language/genre/origin are inferred labels for market research; verify manually for final A&R decisions.
Kworb Spotify Weekly Chart - Lithuania,2026-06-11,183,-2,Jovani,"Iš Lėto Leidžiasi Saulė (w/ Karališka Erdvė, Remis Retro)",118,2,x1,14603,-291,3617782,,Spotify streams,Lithuanian / local artist,Lithuania / local,dance-pop / electronic,dance_electronic,dance-pop / electronic,Language/genre/origin are inferred labels for market research; verify manually for final A&R decisions.
Kworb Spotify Weekly Chart - Lithuania,2026-06-11,184,-16,Michael Jackson,Smooth Criminal - 2012 Remaster,6,112,,14598,-558,93875,,Spotify streams,English / international,international / non-local,classic pop / funk,nostalgia_catalog,nostalgia catalog,Language/genre/origin are inferred labels for market research; verify manually for final A&R decisions.
Kworb Spotify Weekly Chart - Lithuania,2026-06-11,185,-8,Evgenya Redko,Patogu,151,21,,14594,-365,3099360,,Spotify streams,Lithuanian / local artist,Lithuania / local,Lithuanian alt-pop / electronic pop,pop_alt_pop,pop / alt-pop,Language/genre/origin are inferred labels for market research; verify manually for final A&R decisions.
Kworb Spotify Weekly Chart - Lithuania,2026-06-11,186,NEW,Adrina,Įkvėpk,1,186,,14561,,14561,,Spotify streams,Lithuanian / local artist,Lithuania / local,Lithuanian pop,pop_alt_pop,pop / alt-pop,Language/genre/origin are inferred labels for market research; verify manually for final A&R decisions.
Kworb Spotify Weekly Chart - Lithuania,2026-06-11,187,+8,"Tyler, The Creator",See You Again (w/ Kali Uchis),155,6,,14534,67,3208069,,Spotify streams,English / international,international / non-local,unknown / needs manual verification,unknown,unknown / needs manual verification,Language/genre/origin are inferred labels for market research; verify manually for final A&R decisions.
Kworb Spotify Weekly Chart - Lithuania,2026-06-11,188,-27,Rokas Yan,"Gegužis (w/ Monika LIU, Vaidas Baumila)",76,2,x5,14532,-829,2851978,,Spotify streams,Lithuanian / local artist,Lithuania / local,Lithuanian pop / alt-pop,pop_alt_pop,pop / alt-pop,Language/genre/origin are inferred labels for market research; verify manually for final A&R decisions.
Kworb Spotify Weekly Chart - Lithuania,2026-06-11,189,=,Olialia Pupytės,Išpildyk Mano Norus,15,54,,14530,-133,264682,,Spotify streams,Lithuanian / local artist,Lithuania / local,Lithuanian pop / dance-pop,dance_electronic,dance-pop / electronic,Language/genre/origin are inferred labels for market research; verify manually for final A&R decisions.
Kworb Spotify Weekly Chart - Lithuania,2026-06-11,190,-23,Justin Bieber,DAISIES,23,12,,14523,-643,533343,,Spotify streams,English / international,international / non-local,pop / dance-pop,pop_alt_pop,pop / alt-pop,Language/genre/origin are inferred labels for market research; verify manually for final A&R decisions.
Kworb Spotify Weekly Chart - Lithuania,2026-06-11,191,NEW,Modjo,Lady - Hear Me Tonight,1,191,,14498,,14498,,Spotify streams,English / international,international / non-local,unknown / needs manual verification,unknown,unknown / needs manual verification,Language/genre/origin are inferred labels for market research; verify manually for final A&R decisions.
Kworb Spotify Weekly Chart - Lithuania,2026-06-11,192,RE,Free Finga,Polish Escape,71,11,,14480,,1292779,,Spotify streams,Lithuanian / local artist,Lithuania / local,alt-pop / electronic pop,pop_alt_pop,pop / alt-pop,Language/genre/origin are inferred labels for market research; verify manually for final A&R decisions.
Kworb Spotify Weekly Chart - Lithuania,2026-06-11,193,NEW,Sidney Gish,Impostor Syndrome,1,193,,14468,,14468,,Spotify streams,English / international,international / non-local,unknown / needs manual verification,unknown,unknown / needs manual verification,Language/genre/origin are inferred labels for market research; verify manually for final A&R decisions.
Kworb Spotify Weekly Chart - Lithuania,2026-06-11,194,RE,HUGEL,"I Adore You (w/ Topic, Arash, Daecolm)",62,49,,14457,,1186963,,Spotify streams,English / international,international / non-local,unknown / needs manual verification,unknown,unknown / needs manual verification,Language/genre/origin are inferred labels for market research; verify manually for final A&R decisions.
Kworb Spotify Weekly Chart - Lithuania,2026-06-11,195,-16,Jessica Shy,Nieko Nieko,155,5,,14449,-456,3778052,,Spotify streams,Lithuanian / local artist,Lithuania / local,contemporary pop / alt-pop,pop_alt_pop,pop / alt-pop,Language/genre/origin are inferred labels for market research; verify manually for final A&R decisions.
Kworb Spotify Weekly Chart - Lithuania,2026-06-11,196,-50,Alex Warren,Ordinary,70,17,,14440,-1341,1960586,,Spotify streams,English / international,international / non-local,unknown / needs manual verification,unknown,unknown / needs manual verification,Language/genre/origin are inferred labels for market research; verify manually for final A&R decisions.
Kworb Spotify Weekly Chart - Lithuania,2026-06-11,197,RE,Nombeko Auguste,Vaikštai Per Mane,17,55,,14431,,292222,,Spotify streams,Lithuanian / local artist,Lithuania / local,Lithuanian pop / electronic pop,pop_alt_pop,pop / alt-pop,Language/genre/origin are inferred labels for market research; verify manually for final A&R decisions.
Kworb Spotify Weekly Chart - Lithuania,2026-06-11,198,-22,Route 94,My Love (w/ Jess Glynne),78,4,,14374,-589,734397,,Spotify streams,English / international,international / non-local,unknown / needs manual verification,unknown,unknown / needs manual verification,Language/genre/origin are inferred labels for market research; verify manually for final A&R decisions.
Kworb Spotify Weekly Chart - Lithuania,2026-06-11,199,RE,Jessica Shy,Dėl Tavęs,146,1,x1,14373,,5239131,,Spotify streams,Lithuanian / local artist,Lithuania / local,contemporary pop / alt-pop,pop_alt_pop,pop / alt-pop,Language/genre/origin are inferred labels for market research; verify manually for final A&R decisions.
Kworb Spotify Weekly Chart - Lithuania,2026-06-11,200,RE,Free Finga,Ieva,26,33,,14319,,188219,,Spotify streams,Lithuanian / local artist,Lithuania / local,alt-pop / electronic pop,pop_alt_pop,pop / alt-pop,Language/genre/origin are inferred labels for market research; verify manually for final A&R decisions.
