video_id,song_title,channel_title,published_at,youtube_url,view_count,like_count,comment_count,description,search_query
7PxtpPGOmyI,Michael Jackson - Smooth Criminal  | Arabesk Versiyon 🔥 (Turkish Arabesque Version) | AI Cover,Ya Böyle Olsaydı?,2026-02-16T14:48:56Z,https://www.youtube.com/watch?v=7PxtpPGOmyI,133573,3314,332,"Michael Jackson İstanbul'da yaşasaydı ve bir arabesk sanatçısı olsaydı nasıl olurdu? 🇹🇷 ""Ya Böyle Olsaydı?"" serimizde efsanevi Smooth Criminal parçasını yapay zeka (AI) ile ""damar"" bir arabesk parçaya dönüştürdük.

What if the King of Pop lived in Istanbul? Experience Michael Jackson's ""Smooth Criminal"" like never before—as a deep, emotional Turkish Arabesque song! In this AI Cover, we reimagined the legendary track with oriental strings and traditional rhythms.

🎧 **En iyi deneyim için kulaklıkla dinleyin! / Headphones Recommended!**

👇 **Sıradaki parça ne olsun? / Which song should we adapt next?**
Yorumlarda belirtin! / Let us know in the comments!

---
📢 **Sosyal Medya Hesaplarımız / Follow my Socials:**
📷 Instagram: https://www.instagram.com/yaboyleolsaydi1
🎵 TikTok: https://www.tiktok.com/@yaboyleolsaydi1
🎶 Spotify: https://open.spotify.com/artist/5ZtXkIo1TmedQJxh3jHWCy?si=jROiJkN2QgudpdiEor2I4Q

---
#MichaelJackson #SmoothCriminal #AICover #Arabesk #TurkishMusic #AIremix #YaBöyleOlsaydı #OrientalMix #KingOfPop #YapayZekaMüzik #DamarŞarkılar #Müzik #remix",Turkish AI generated song
lQBkTdpqkwg,Turkish Afro House 2026 🌙 | Deep Turkish Afro House Set & Vibes & Mix | Vol. 2,Unfiltered Bass,2026-05-11T18:00:44Z,https://www.youtube.com/watch?v=lQBkTdpqkwg,1368850,17585,543,"🔥 TURKISH AFRO HOUSE 2026 🇹🇷🌍
The perfect fusion of deep Afro rhythms and Turkish vibes you’ve never heard before…

Feel the energy of Cappadocia sunsets, Istanbul nights, and hypnotic Afro House beats all in one mix. This is not just music — this is a journey.

🎧 Whether you're:

Studying 📚
Driving 🚗
Working 💻
Or just vibing ✨

This mix will keep you locked in from start to finish.

⚡ WHY YOU’LL LOVE THIS MIX

Deep & melodic Afro House rhythms
Turkish-inspired melodies & атмосpheres
Smooth transitions for non-stop flow
Perfect background + party energy combo

🔥 DON’T MISS OUT
👉 If you enjoy artists like:
Black Coffee, Keinemusik, & Afro House vibes…
Then this mix is made for YOU.

📌 SUPPORT THE CHANNEL
👍 Like the video
💬 Comment your favorite track
🔔 Subscribe for more Afro House & global vibes

🌍 MORE VIBES COMING SOON
Turkish House • Afro Deep House • Chill Sunset Mixes • Travel Vibes

#AfroHouse #TurkishAfroHouse #DeepHouse #AfroVibes #HouseMusic #ChillMix #djmix",Turkish AI generated song
wYUqnExpYNY,End of Beginning Turkish Ai Cover,Bir Adımda Bin Düş - Topic,2026-01-22T03:21:48Z,https://www.youtube.com/watch?v=wYUqnExpYNY,235,4,0,"Provided to YouTube by DistroKid

End of Beginning Turkish Ai Cover · Bir Adımda Bin Düş · Xrose Lyme · Xrose Lyme

End of Beginning Turkish Ai Cover

℗ Bir Adım Yapım

Released on: 2026-01-22

Auto-generated by YouTube.",Turkish AI generated song
ZGTzfs-UYyI,PADİŞAH (Sibel CAN Cover) – AI Cover | Musicihan Production (Hareketli / Enerjik),Musicihan Production,2026-04-18T19:41:38Z,https://www.youtube.com/watch?v=ZGTzfs-UYyI,903292,3379,86,"Türk pop müziğinin unutulmaz hitlerinden biri olan “Padişah”, söz ve müziği Serdar Ortaç’a ait olan ikonik bir eserdir.

Şarkı, güçlü yorumu ile Sibel Can tarafından seslendirilmiş ve 1997 yılında yayımlanan Bu Devirde albümünde yer alarak büyük bir çıkış yakalamıştır.

Dönemin en dikkat çeken parçalarından biri olan bu eser, kendini ulaşılmaz gören birine karşı yazılmış sözleriyle öne çıkar ve yıllar geçse de popülerliğini korur.

Bu videoda şarkı hareketli akustik cover tarzında yeniden yorumlandı. Enerjik yapısı korunarak modern ve dinamik bir sound ile sunulmuştur.

🎧 Kanal: Musicihan Production

Bu çalışma yapay zeka destekli cover performansı olarak hazırlanmıştır ve eğlence amaçlıdır. Orijinal eser sahiplerine saygı amacıyla hazırlanmıştır. Tüm haklar orijinal eser sahibine aittir.

👍 Videoyu beğenmeyi
💬 Yorum yapmayı
🔔 Kanala abone olmayı unutmayın.

#padişah #serdarortaç #sibelcan #budervirde #akustikcover #hareketlimüzik #popmüzik #nostaljipop #keşfetedüş #aicovermüzik #musicihan #reelsmüzik #shortscover #viralşarkı #yenicover #anadolumüzik #cover2026 #şarkılarbizisöyler #hakanaltun #hüsnüşenlendirici #canlımüzik #canlıperformans #konser #konserler",Turkish AI generated song
9dWPzUXUvcw,Yorgun Yıllarım | Kadın & Erkek Düet – Duygusal Türkçe Şarkı (AI Cover) | Emotional Turkish song ,CHILLOUT STUDIO LAB,2025-11-05T12:22:53Z,https://www.youtube.com/watch?v=9dWPzUXUvcw,92813,659,22,"Bu çalışma, iki erkek sesli orijinal şarkıya farklı bir yorum getirerek,
kadın & erkek düet şeklinde hazırlanmış duygusal bir AI coverdır.

🎧 Yorgunluk, geçmiş, kırgınlık ve içsel duyguları yansıtan bu versiyon,
gece dinlemeleri, yalnız anlar ve derin hisler için hazırlandı.

💬 Yorumlarda düşüncelerinizi yazmayı unutmayın
👍 Beğen, paylaş ve abone ol — yeni AI müzikler için


Yorgun Yıllarım – AI Cover 🎤  
This is a new musical experiment where I explore the power of artificial intelligence in music creation.
The song is an AI-generated cover, inspired by the emotional meaning of the original version and reinterpreted in my own style.

🎧 Style: Romantic / Emotional
💬 Theme: broken heart, lost years, nostalgia
🧠 Created with: AI vocals & music

If you enjoy this type of content, don’t forget to:
✅ Like
✅ Comment
✅ Subscribe ❤️

Thank you for your support 🙏 @HakanAltunMusic @cengizkurtogluyt 

#AIcover #YorgunYıllarım #AIMusic #CoverSong #TurkishMusic #NewMusic #ArtificialIntelligence",Turkish AI generated song
RVGyLcbyhOU,ihtiyacım Var ( Live Versiyon ) - ACIOĞLU-AI  ( Offical Music  ) 2026,Acıoğlu,2026-04-22T20:07:13Z,https://www.youtube.com/watch?v=RVGyLcbyhOU,31574870,128048,6568,"🎤 İhtiyacım Var (Live Konser Versiyonu) – Sahnedeki en gerçek duygu, en çıplak haliyle…

Bu performans, bir şarkıdan çok daha fazlası.
Bu; özlemin, yalnızlığın ve içten gelen bir çağrının sahnedeki yansıması.

Canlı performansın büyüsüyle; vokalin duygusal yoğunluğu, enstrümanların organik akışı ve seyirciyle kurulan bağ bu şarkıyı bambaşka bir boyuta taşıyor.

🔥 Söz Beste : Mehmet ACIOĞLU 
Seslendirme: Ai

Seyirciler sessiz ama derinden bağlı…
Her söz, her nota kalbe dokunuyor.



💔 Hikaye: Bazen birine ihtiyacın vardır…
Ama o yoktur.
Ve o yokluk, insanın içine çöker.

📀 Şarkı Sözleri:

Bir rüzgâr esse dokunsa yüzüme
Belki sen sanırım, dönerim gözüme
Kırılmış kalbim hâlâ seni sorar
Bensiz yaşarsın ama ben yapamam

İhtiyacım var, sesine, gülüşüne
İhtiyacım var, dokunan el yüzüne
Yokluğun taş olur, çöker omzuma
Gel, ihtiyacım var, bu yarım ömrüme

İhtiyacım var, sesine, gülüşüne
İhtiyacım var, dokunan el yüzüne
Yokluğun taş olur, çöker omzuma
Gel, ihtiyacım var, bu yarım ömrüme

Sensiz günler sessiz, renkler soluk
Yolumu kaybettim, gözüm karanlık
Bir umutla yaşar bu kalp hâlâ
Belki dönersin diye bekler sabaha

Bütün şehir uyur, ben seni yazarım
Her sokağın başında adını ararım
Yarım kalan şarkım tamam olurdu
Bir gelsen, kalbim yeniden doğardı

İhtiyacım var, sesine, gülüşüne
İhtiyacım var, dokunan el yüzüne
Yokluğun taş olur, çöker omzuma
Gel, ihtiyacım var, bu yarım ömrüme

🔥 ACIOĞLU-AI tarafından üretildi.

📌 
arabesk live, canlı konser, duygusal şarkı, aşk acısı, türkçe müzik, live performans, ihtiyacım var şarkısı, damar şarkılar, turkish emotional song

💬 Bu şarkı sana ne hissettirdi? Yorumlara yaz.
❤️ Beğen & 🔔 Abone olmayı unutma.",Turkish AI generated song
-MpVqmIGVnU,Kalbimin Ritmi: Küçük Oyunlar | Yapay Zeka Türkçe Şarkı | Turkish AI Music,New Studies,2026-07-30T08:46:44Z,https://www.youtube.com/watch?v=-MpVqmIGVnU,5,0,0,"Yapay Zeka Türkçe Şarkı 
Türkçe Yapay Zeka Müziği
Türkçe Yapay Zeka Şarkıları
Yapay Zeka ile Üretilen Türkçe Müzikler
Türkçe Yapay Zeka Pop Müziği
Türkçe Müziğin Geleceği
Yeni Nesil Türkçe Yapay Zeka Müziği
Modern Türkçe Yapay Zeka Pop
Yeni Türkçe Yapay Zeka Hitleri
Korkutucu Derecede İyi Yapay Zeka Müziği
Gerçekçi Yapay Zeka Müziği
Yapay Zeka Şarkıları & Yapay Zeka Müziği
Yapay Zeka Tarafından Üretilen Türkçe Pop

Turkish AI Music 
Turkish AI Songs 
Turkish AI-Generated Music 
Turkish AI Pop Music 
The Future of Turkish Music 
Turkish Next-Gen AI Music 
AI Turkish Pop Modern 
Turkish AI Songs 
New Turkish AI Hits
Best AI Music Scary Good 
AI Music Realistic 
AI Songs Artificial Intelligence Music 
AI Generated Turkish Pop

#TürkçeMüzik #YapayZeka  #YeniŞarkılar",Turkish AI generated song
uXSwoddI-XI,Aramam - İbrahim Tatlıses AI (Cover),MeloDiary,2026-01-05T21:34:54Z,https://www.youtube.com/watch?v=uXSwoddI-XI,211647,1023,59,"Dostlar Merhaba !

Yapay zeka kullanarak geçmişten günümüze yüreklerimize dokunan eserleri sizlerle farklı tarzlarda buluşturmaya devam ediyorum.

İbrahim Tatlıses'in 2004 yılında çıkardığı, aynı adı taşıyan albümün hit parçası olan ""Aramam"", Türk müziğinin en ikonik ""vazgeçiş"" ve ""sitem"" şarkılarından biridir. Şarkı, hem sözleri hem de Tatlıses’in güçlü yorumuyla bir ilişkinin geri dönülemez noktaya gelişini anlatır.

""Aramam"", bir kaybediş hikayesi değil, bir kendine geliş hikayesidir. Seven birinin, sevgisi suistimal edildiğinde nasıl bir duvara dönüştüğünü anlatır. Şarkı, ""Ben elimden geleni yaptım, sıra bende değil, artık hiç kimsede"" diyerek kapıyı sonsuza dek kapatır.

Ben de bu eseri Anatolian Rock, Turkish Psychedelic Rock ve Modern Arabesk tarzları ile harmanlayıp sizler için oluşturdum. 

Umarım bam telinize dokunur. Dinlerken hissetmeniz dileğiyle.

Beğenmeyi, abone olmayı ve paylaşmayı unutmayın
Başlangıçta desteğiniz benim için çok kıymetli! 🤍 Sevgilerimle..

Cover: Bu şarkı, yapay zeka müzik teknolojileri (AI Music Generation) kullanılarak deneysel amaçla üretilmiştir. Yapılan bu yeniden düzenleme, yapay zekanın sanatsal üretimdeki potansiyelini göstermektedir.

Telif Hakları
Bu cover, eğlence ve deneysel amaçlı yapay zeka ile üretilmiştir. İbrahim Tatlıses'in eserine saygı duruşu niteliğinde, kar amacı gütmeyen sanatsal bir hayran performansıdır. Şarkının beste ve söz hakları yasal sahiplerine aittir. Gelir elde etme amacı taşınmamaktadır. Bu proje yalnızca sanatsal ve kültürel bir yeniden yorumdur.

━━━━━━━━━━━━━━━━━━━━

🎼 Music: SUNO v5
🎨 Cover Art: GEMİNİ
🧠 Concept & Prompt Design: GEMİNİ
📀 Produced by: MeloDiary

🔔 Subscribe for more ghostly MeloDiary experiments.

━━━━━━━━━━━━━━━━━━━━

📩 Telif & İş Birliği / Licensing & Collaboration: b.melihcayit@gmail.com


[EN]

Hello Friends!

I continue to bring you works that have touched our hearts from the past to the present, in different styles, using artificial intelligence.

""Aramam,"" the hit song from İbrahim Tatlıses's 2004 album of the same name, is one of the most iconic ""giving up"" and ""reproach"" songs in Turkish music. The song, both in its lyrics and Tatlıses's powerful interpretation, describes a relationship reaching an irreversible point.

""Aramam"" is not a story of loss, but a story of self-discovery. It tells how someone who loves turns into a wall when their love is abused. The song closes the door forever, saying, ""I did everything I could, it's not my turn anymore, it's nobody's turn anymore.""

I have blended this work with Anatolian Rock, Turkish Psychedelic Rock, and Modern Arabesque styles to create this for you.

I hope it touches your heartstrings. Wishing you feel it while listening.

Don't forget to like, subscribe, and share!
Your support is invaluable to me at the beginning! 🤍 With love...

Cover: This song was produced experimentally using AI music generation technologies. This re-arrangement demonstrates the potential of AI in artistic production.

Copyright
This cover was produced with AI for entertainment and experimental purposes. It is a non-profit artistic fan performance in homage to the work of İbrahim Tatlıses. The composition and lyrics rights of the song belong to their legal owners. It is not intended to generate income. This project is solely an artistic and cultural reinterpretation.

━━━━━━━━━━━━━━━━━━━━

🎼 Music: SUNO v5
🎨 Cover Art: GEMINI
🧠 Concept & Prompt Design: GEMINI
📀 Produced by: MeloDiary

🔔 Subscribe for more ghostly MeloDiary experiments.

━━━━━━━━━━━━━━━━━━━━

📩 Copyright & Collaboration / Licensing & Collaboration: b.melihcayit@gmail.com

#İbrahimTatlıses #Aramam #TurkishFolk #AnadoluRock #Türkiye #Melancholic #ModernArabesk #Rock  #AIMusic #AIMüzik #Fantezi #Arabesk #Turkish  #Psychedelicrock",Turkish AI generated song
rjIa0kkOXLQ,Bir yabancı Türk müziğini keşfettiğinde 🇹🇷😳😳😳,AV REACT SHOW,2023-08-13T13:55:58Z,https://www.youtube.com/watch?v=rjIa0kkOXLQ,135864,2206,25,"WELCOME TO THE AV REACT SHOW

SUBSCRIBE 🤗

av react show, silver button, turkey, travel, Music. Trend, YouTube. Turkey Trend, Turkish music, Turkish army, Turkish YouTube, Trend, Viral, Reaction videos, Reaction Turkey

#shorts #turkey #reaction #youtubetürkiye #turkishpop #music #youtubetürkiye #türkiye #music #turkishpop #reaction #avreactshow​​ #turkey #AVREACTSHOW​​​​​​​​​​​​​​​​​​​​ ​​​​​​

Hi Everyone, here is my Instagram account https://instagram.com/avreactshow?utm_source=qr&igshid=MzNlNGNkZWQ4Mg%3D%3D follow me to get in touch  ❤

*Copyright Disclaimer Under Section 107 of the Copyright Act 1976, allowance is made for ""fair use"" for purposes such as criticism, comment, news reporting, teaching, scholarship, and research. Fair use is a use permitted by copyright statute that might otherwise be infringing. Non-profit, educational or personal use tips the balance in favor of fair use. No copyright infringement intended. ALL RIGHTS BELONG TO THEIR RESPECTIVE OWNERS*

Grazie 🙏",Turkish AI generated song
DKFS9CUCAL4,Gel Bana - Turkish Love Song | AI Music | Emotional Viral Song 2026,BeastKz,2026-06-23T20:54:47Z,https://www.youtube.com/watch?v=DKFS9CUCAL4,2799,23,0,"🎵 Gel Bana – emotional AI song about love, longing and unforgettable feelings.

If you enjoy beautiful AI music, subscribe to the channel and support with a like. ❤️

🎧 Genre: Emotional Turkish Pop
🎤 Vocals: AI Generated
🎶 Created with AI

🔔 Subscribe for more AI songs every day.

#GelBana #AIMusic #TurkishSong #LoveSong #EmotionalMusic #TurkishPop #AIArtist",Turkish AI generated song
WlEN-2jrI6U,SUNO AI V5 VE SUNO STUDIO  NASIL KULLANILIR. ROMAN HAVASI BÖLÜM 3,Bora Uzen,2025-10-29T17:00:50Z,https://www.youtube.com/watch?v=WlEN-2jrI6U,64704,1097,299,"Suno AI Studio nasıl kullanılır? Yapay zekayla Roman Havası yapmayı, kendi sesini eklemeyi öğren!
Bu bölümde Trakya & Roman tarzı 9/8 ritimde aranje yapmayı tüm detayları ile ele alıyoruz. 🎺💃
Şarkılarınızı Mail Atmak İçin : borauzenmuzik@gmail.com

Bu videoda sıfırdan Suno AI V5 ve Suno Studio kullanarak bir Roman Havası oluşturuyoruz — kayıt, aranje, stemsleri indirme, farklı şarkılardan enstrüman alma, ve Suno Studio  ile editlemeyi mix yapmayı adım adım öğreniyoruz.
Roman havası isteyen herkese gelsin! 🎶
Umarım güzel yorumlarınızdaki sorulara cevap bulabilirsiniz. Sevgiler! ❤️

🎤 Bu videoda öğreneceklerin:

Suno AI V5 giriş ve temel ayarlar

Vokal kaydı ve yapay zekâyı yönlendirme

Roman havası aranjesi oluşturma (intro, kıta, nakarat, köprü)

Stems ve miks ipuçları

Suno Studio  ile düzenleme

Yapay zekâ müzik üretiminde dikkat edilmesi gereken püf noktalar

💡 Kullanılan programlar:
Suno AI V5 - Suno Studio  

🎧 Videoda örnek olarak “Tamamen benim uydurduğum melodi ve sözler” üzerinden bir Roman havası aranjesi yaptım.
Gerçek vokal, yapay zekâ aranjeleri ve mix detaylarını adım adım göreceksiniz.

👇 Yorumlara sorularınızı yazmayı unutmayın, bir sonraki videoda senin sorunu işlerim!
❤️ Abone olmayı, beğenmeyi ve paylaşmayı unutma!

⏱️ Time Line

00:00 - 😂 Tanıtım ve Komik Anlar
00:09 - 🤖 Proje Başlangıcı: Yapay Zeka ile Roman Havası
01:22 - 🎤 İlk Kayıt: Roman Tarzında Vokal Yönlendirme
03:10 - 🎧 İlk Sonuçları Dinleme ve Değerlendirme
15:35 - 🎼 İçerik fikir Paylaşımı (borauzenmuzik@gmail.com)
17:00 - 🪗 Suno Studio ile Aranje Başlangıç
20:20 - 🎵 Enstrüman Katmanları: Gitar, Brass, Perküsyon
30:20 - 💻 Suno Studio Başla Şarkıdan Davul Alıp Editleme
40:00 - 🎚️ Suno Studio  Mix ve Son Dokunuşlar
47:10 - 🎧 Final Mix Ön Dinleme
50:15 - ✅ Sonuç, Değerlendirme ve Kapanış

🎺 ROMAN HAVASI SUNO KELİMELERİ (PROMPTS)

A 9/8 Turkish-Roman vibe clarinet solo. Inspired by the traditional Trakya (Thrace) and Bergama regional styles with a modern Romen flavor. Include live drums and rich percussions. The orchestra should come in powerfully after the chorus. It should have a strong Turkish Roman vibe blended with electronic beats — a 2025-style production.

🎶 SUNO TERİMLERİ (YARDIMCI KELİMELER)
[intro] → [giriş]
[verse] → [kıta]
[pre-chorus] → [ön nakarat]
[chorus] → [nakarat]
[bridge] → [köprü]
[outro] → [kapanış]
[live performance] → [canlı performans havası]
[crowd singing] → [seyirci eşliği]
[clarinet solo] → [klarnet solosu]
[violin lines] → [keman partileri]
[romani percussion] → [roman perküsyonları]
[balkan brass section] → [balkan nefesli grubu]
[9/8 groove] → [dokuz sekizlik ritim]
[energetic dance beat] → [enerjik dans ritmi]
[playful vocals] → [oyun havası vokalleri]

#SunoAI #SunoStudio #YapayZekaMüzik #RomanHavası #MüzikYapımı #Aranje #StudioOne #BoraUzen #ŞarkıYapımı #sunoaimusic #sunoai

📸 Instagram:
https://www.instagram.com/borauzenmuzik",Turkish Suno song
1JfImQg7RE0,YAPAY ZEKAYLA DEV ORKESTRA KURULUR MU? (Suno AI Müzik) 🎸🤖🎻,Bora Uzen,2025-09-19T17:00:28Z,https://www.youtube.com/watch?v=1JfImQg7RE0,79591,2463,435,"Suno V5 İncelemesi ve Ankara havaları : https://youtu.be/frVzaKSaK6E

Herkese selamlar! 
🚀 Yepyeni ve çılgın bir deneye hazır mısınız? Kanalımın ilk içerik videosunun Bu bölümünde, müziğin geleceğine ışınlanıp, Yapay Zeka'nın sınırlarını zorluyoruz! 🤯

Her şey bir bağlama solosuyla başladı... 🎸 Evet, yanlış duymadınız! Sıfırdan çaldığım kısa bir bağlama introyu alıp, Suno AI'ın sihirli dünyasına daldık. 🧙‍♂️ Ondan tam teşekküllü, dev bir orkestra aranjmanı yaratmasını istedik. Tabii ki ""Suno, şöyle bir tarz olsun, biraz da bu enstrümanlar çalsın"" diye minik tüyolar vermeyi unutmadık. 😉

Sonuç mu? Aklınız hayaliniz duracak! 🤩 Suno AI'ın ürettiği birbirinden harika müziklerden en iyilerini seçtik, DAW (Studio One) programında minik dokunuşlarla benim bağlama solomun üzerine tam oturtarak, sanki sıfırdan aranje edilmiş profesyonel bir parçaymış gibi bir eser ortaya çıkardık! ✨ Ortaya çıkan performans video klibi de cabası!

Videonun sonunda, benim solom hariç, Suno'nun ürettiği orkestra altyapısını da sizinle paylaştım. Çünkü şimdi sıra sizde! 🙌 Kendi enstrümanınızı kapın, kendi solonuzu çalın, bu orkestraya eşlik edin! Performanslarınızı #borauzen

etiketleriyle sosyal medyada paylaşırsanız beni etiketlemeyi unutmayın! En yaratıcı performansları izlemek için sabırsızlanıyorum!


Bu videoda neler var?
00:00 Giriş: Çılgın Teaser! 💥
00:20 Enstrümantel Solo Klip 🪕🎵
01:03 Yapay Zeka ile Dev Orkestra Kurulur Mu? (Suno AI Nedir?)
01:37 Bağlama Kaydı: Intro Çalma Zamanı!
03:27 Tarz ve Detay Belirleme Taktikleri
04:34 Suno AI'ın Çılgın Müzikleri Geliyor! 🎧
07:41 İşte Benim Seçimlerim: Favori Yapay Zeka Aranjmanları!
09:45 DAW Üzerinde İnceleme (Studio One)
10:30 Profesyonel Gibi Aranje Edilmiş Final Parça! 🤩
11:40 Sıra Sizde! Kendi Solonuzu Çalın! #borauzen 🎤

#yapayzeka #aimusic #sunoai #müziküretimi #aideneyi #orkestra #müzikteknolojisi #dijitalmüzik #aibesteci #türkçeyapayzeka #borauzen #arabesk #türkmüziği  #romantic #bağlama #türkü #TürkçeŞarkılar2025 #TürkçeMüzik #YapayZekâŞarkı",Turkish Suno song
Ftauv1kJa1E,SUNO ŞARKILARINI KENDİ SESİNLE OKUT! (Adım Adım Rehber),Bora Uzen,2025-11-25T18:00:26Z,https://www.youtube.com/watch?v=Ftauv1kJa1E,160964,4590,993,"Suno AI ile yaptığınız şarkılara, Audime kullanarak adım adım kendi sesinizi nasıl ekleyeceğinizi (voice cloning) anlatıyorum. 👇

Dedeler merhaba! 👋 Umarım iyisinizdir. Yorumlarda en çok sorduğunuz o soruyu cevaplıyorum: ""Suno AI ile yaptığımız şarkılara kendi sesimizle nasıl vokal yaptırırız?"" 🤔

Sesiniz çok güzel olmasa bile, profesyonel bir kayıt cihazınız olmasa bile bestelerinizi kendi ses renginizle dinleyebilirsiniz. Bu videoda, Suno'da ürettiğim ""Bakmaya Doyamadım"" adlı şarkının vokalini, yapay zeka ses klonlama teknolojisi kullanarak adım adım nasıl kendi sesime dönüştürdüğümü anlatıyorum.

Bu yöntemle detone olma derdi olmadan, sadece telefondan aldığınız basit bir kayıtla bile harika sonuçlar alabilirsiniz. Audime ve Suno'nun ""Persona"" özelliğini kullanarak yaptığım bu denemeyi ve sonucu mutlaka izleyin!

🎬 Videoda Neler Var? 
00:00 Giriş ve En Çok Sorulan Soru 
00:23 Suno İçin Referans Ses Kaydı Nasıl Alınır? (Detone Olmak Önemli Değil!) 
01:45 Suno'ya Ses Yükleme ve ""Persona"" Oluşturma 
03:10 Kendi Ses Rengimize Yakın Vokal Üretimi 
06:00 Şarkının Vokal ve Altyapısını Ayırma (Get Stems) 
06:53 Audime ile Ses Klonlama İşlemi (My Voice) 
07:50 Suno Vokalini Kendi Sesimize Dönüştürme (Convert Vocals) 
08:55 DAW Üzerinde Orijinal ve Klon Ses Karşılaştırması 
10:18 Öncesi ve Sonrası: Suno Vokali vs. Benim Sesim 
11:10 Yeni Bestemin Kendi Sesimle Final Hali 
13:30 Kapanış ve Tavsiyeler

🎵 Videodaki Şarkı Hakkında: Bu videoda kendi bestemi yapay zekaya yorumlattım. 
Eser Adı: Bakmaya Doyamadım 
Söz: Sezer Sarıgöz 
Müzik: Bora Üzen

🛠️ Kullanılan Araçlar ve Siteler:

Suno AI: https://suno.com (Müzik Üretimi ve Persona)

Audimee: https://audimee.com/
Ses Klonlama ve Değiştirme)

DAW: Studio One (Siz herhangi bir ses birleştirme programı kullanabilirsiniz)

💬 Siz ne düşünüyorsunuz? Yapay zekanın sesinizi bu kadar iyi taklit etmesi korkutucu mu yoksa harika bir fırsat mı? Yorumlarda buluşalım!

Videoyu beğendiyseniz ve bu tarz yapay zeka rehberlerinin devamını istiyorsanız Abone Olmayı ve beğen butonuna basmayı unutmayın! Destekleriniz için teşekkürler dedeler. Görüşmek üzere!

📲 Beni Instagram'dan Takip Edin: https://www.instagram.com/borauzenmuzik

#SunoAI #YapayZeka #SesKlonlama #Audime #SunoTutorial #KendiSesinleŞarkıSöyle #AIMusic",Turkish Suno song
gKw3q0zxTJs,SUNO AI KULLANANLAR DİKKAT! ⚠️ Suno AI 2026 Yeni Kullanım Şartları,Bora Uzen,2026-01-13T16:30:31Z,https://www.youtube.com/watch?v=gKw3q0zxTJs,37992,1270,608,"Dedeler merhaba! 2026 yılına hızlı bir giriş yaptık. Bugün, hepimizin severek kullandığı Suno AI'nın o ""okumadan kabul ettiğimiz"" küçücük harflerle yazılı 2026 kullanım şartlarını masaya yatırıyoruz. Başımız yanmasın, emeklerimiz boşa gitmesin diye her maddeyi tek tek inceledim.

🔗 Suno AI Sitesi: https://suno.com

⚖️ Resmi Kullanım Şartları: https://suno.com/terms

Bu videoda neler bulacaksınız? 
✅ Telif Hakları: Ücretli ve ücretsiz üyeliklerdeki mülkiyet farkları neler? 
✅ Remix Tuzağı: Pro üye olsanız bile neden ticari hak kazanamayabilirsiniz? 
✅ Dijital İmzalar: Suno'nun gizli ""watermark"" sistemi nasıl çalışıyor? 
✅ Tazminat Maddesi: Suno sizi hangi durumlarda telifle baş başa bırakıyor? 
✅ Hesap Güvenliği: Hangi hatalar hesabınızın tamamen silinmesine yol açar? 
✅ Cover ve Anonim Türküler: Waveform takibiyle teliften nasıl kaçınılır?

BÖLÜMLER (ZAMAN DAMGALARI):
00:00 Giriş ve 2026 Selamı
00:17 Suno Hakkında En Çok Sorduğunuz Sorular
01:07 1. Madde: Ücretli vs Ücretsiz Üyelik Hakları
02:08 2. Madde: Remix Tuzağı (Ticari Hak Kaybı)
02:56 Şarkılarınızı Remix'e Kapatma (Visible Permissions)
03:32 3. Madde: Tazminat ve Yasal Sorumluluklar (Tarkan Örneği)
05:39 4. Madde: Kredilerin Silinme ve Yenilenme Süreci
06:05 5. Madde: Dijital İmzalar ve Watermark (Gizli Takip)
08:34 6. Madde: Hesabınız Neden Silinebilir?
09:21 Cover ve Anonim Türkülerde Telif Riski
10:51 Yapay Zeka ile Doğru Aranjman Nasıl Yapılır?
11:34 Kapanış ve 2026 İyi Dilekleri

Yapay zeka ile müzik üretirken paradan ve zamandan tasarruf etmek, en önemlisi de yasal sorun yaşamamak için bu videoyu sonuna kadar izlemenizi öneririm.

Kanalımıza destek olmak için: 
✅ Abone olmayı unutmayın! 
🔔 Bildirimleri açarak Suno AI serisini kaçırmayın. 
💬 Sorularınızı yorumlarda bekliyorum.

#SunoAI #YapayZekaMüzik #TelifHakları #Suno2026 #MüzikÜretimi #AIArtificialIntelligence #BoraÜzen

Beni Takip Edin: 📸 Instagram: https://www.instagram.com/borauzenmuzik",Turkish Suno song
JCCeDUOUV9U,Türkçe Pop Müzik - Hakkımı Sana Helal Ettim  Söz: Murat Blach - Beste: Suno AI - SÜPER BİR SES,Bağımsız Objektif MAliDA,2026-06-03T04:23:59Z,https://www.youtube.com/watch?v=JCCeDUOUV9U,252,3,2,"HAKKIMI SANA HELAL ETTİM

Aylar geçti, mevsim değişti,
Yaz bitti, bak güz geldi.
Yaylayı donattı var git çiçekleri,
Belli ki şimdi ayrılık vakti...

Git, güle güle,
Gönlün şen olsun.
Hakkımı helal ettim,
İçin huzur bulsun.

Alıştım sana, mevsimlik aşkına,
Her yaz sonu buruk bir elveda.
Ansızın gidersin dönüp bakmadan ardına...
Sanıyor musun takıyorum ben bunu kafama!

Git, güle güle,
Gönlün şen olsun.
Hakkımı helal ettim,
İçin huzur bulsun.

Duman çöker Taşlı Oba'nın başlarına,
Aldırır mıyım senin timsah gözyaşlarına?
Döker mi karayemiş kış gelse yaprağını?
Unutur muyum zalim, bana bu yaptıklarını?

Git, güle güle,
Gönlün şen olsun.
Hakkımı helal ettim,
İçin huzur bulsun...

Murat Blach",Turkish Suno song
bpJ9W9lDsX0,İlk Yaz S3 #suno #turkish #music #kazakhstan #aşk,Alpay Urludağ,2025-10-07T00:54:41Z,https://www.youtube.com/watch?v=bpJ9W9lDsX0,98,0,0,,Turkish Suno song
veqB3z1495A,Best 3 Dramatic Turkish Songs Ever By AI Suno V4.5 | SoundSurge,SoundSurge,2026-01-22T21:52:22Z,https://www.youtube.com/watch?v=veqB3z1495A,313,3,0,"Welcome at SoundSurge
Your Gate To Dramatic To Cultural Turkish Songs

Here is
Best 3 Dramatic Turkish Songs Ever By AI Suno V5 | SoundSurge

TimeStamps
00:00 Zehir
03:04 Yalan Sevda
06:11 Acıyı İçen

Stay Connnected With Us
youtube.com/@SoundSurge3

#Best 3 #Dramatic #Turkish #Ever #AI #SUNO #V4.5 #SoundSurge #Songs",Turkish Suno song
c5s6ZFWEttU,SUNO AI V5 VE SUNO STUDIO NASIL KULLANILIR. ŞARKI YAPMAYI ÖĞREN,Bora Uzen,2025-10-08T16:30:13Z,https://www.youtube.com/watch?v=c5s6ZFWEttU,104572,3095,667,"🎵 Suno AI Studio nasıl kullanılır? Yapay zekayla şarkı yapmayı kendi sesini eklemeyi öğren! Suno Kelimeler açıklamada aşağıda....
Bu videoda sıfırdan Suno AI Studio kullanarak bir şarkı oluşturuyoruz — kayıt, aranje, mix ve mastering dahil!
Umarım güzel yorumlarınızdaki sorulara  cevap bulabilirsiniz sevgiler... 🎶

🎤 Bu videoda öğreneceklerin:

Suno AI Studio’ya giriş ve temel ayarlar

Vokal kaydı nasıl yapılır

Aranje oluşturma (intro, verse, chorus, bridge)

Mix & Mastering ipuçları

BandLab ile entegrasyon

Yapay zekâ müzik üretiminde dikkat edilmesi gereken püf noktalar

💡 Kullanılan programlar:
Suno AI Studio • BandLab • DAW setup

🎧 Videoda örnek olarak “Mini Mini Bir Kuş” üzerinden bir aranje yaptım.
Gerçek vokal, yapay zekâ aranjeleri ve mix detaylarını adım adım göreceksiniz.

👇 Yorumlara sorularını yazmayı unutma, bir sonraki videoda senin sorunu işlerim!
❤️ Abone olmayı, beğenmeyi ve paylaşmayı unutma!

00:00 - Başlangıç ve selamlaşma 👋
00:16 - “Mini Mini Bir Kuş” projesine giriş 🎶
01:00 - Vokal kaydı nasıl yapılır 🎤
02:30 - Aranje ve altyapı oluşturma 🎧
04:30 - İlk şarkı denemesi 🎵
06:40 - Suno Studio’ya geçiş 🎛️
09:00 - Yeni enstrümanlar ekleniyor (perküsyon & synth) 🥁🎹
11:50 - Kadın vokalle remix denemesi 👩‍🎤
14:30 - Mix ve mastering aşaması 🎚️
16:50 - Kanalları BandLab’e aktarma
17:00 - BandLab üzerinde mix düzenlemeleri 🎚️
19:00 - Son dinleme 🔊
19:20 - Özet, teşekkür ve kapanış ☕

SUNO  KELİMELER PROMPTS
[intro] → [giriş]
[intro instrumental] → [enstrümantal giriş]
[verse] → [kıta]
[happy verse] → [neşeli kıta]
[sad verse] → [hüzünlü kıta]
[rap verse] → [rap kıtası]
[pre-chorus] → [ön nakarat]
[chorus] → [nakarat]
[pop chorus] → [pop nakarat]
[hooks] → [akılda kalıcı tekrar / hook]
[refrain] → [tekrar bölümü / nakarat benzeri]
[bridge] → [köprü]
[break] → [ara / kısa kesit]
[interlude] → [ara bölüm / enstrümantal geçiş]
[outro] → [kapanış]
[end] → [bitiş]
(words repeated by BG singers) → (arka vokallerin tekrar ettiği sözler)

TURK MÜZİĞİ TARZ VE STİL KELİMELERİ

intro strings group solo – yaylı grup introsu (solo giriş)
Uşşak mode – Uşşak makamı
Maqam Ushshaq – Uşşak makamı
Ushshaq scale – Uşşak dizisi
drums sections – davul bölümleri
slap bass guitar – slap bas gitar
electric guitar – elektro gitar
acoustic guitar – akustik gitar
classical guitar – klasik gitar
bass guitar – bas gitar
rhythmic guitar – ritmik gitar
oud – ud
clarinet solo – klarnet solosu
arabic orchestral arrangement – Arap orkestral düzenleme
orchestral arrangement – orkestral düzenleme
cinematic soundtrack – sinematik film müziği
cinematic strings soundtrack – sinematik yaylılar film müziği
strings pad – yaylı pad sesi
group strings – yaylı grup
strings – yaylılar
arabic strings – Arap yaylılar
arabic arabesque strings – Arap arabesk yaylılar
arabesque strings – arabesk yaylılar
turkish strings – Türk yaylılar
istanbul strings – İstanbul yaylı grubu
turkish arabesque strings group – Türk arabesk yaylı grubu
intro turkish arabesque strings group – Türk arabesk yaylı grup introsu
arabic percussion – Arap perküsyon
arabic drums – Arap davulları
drums – davullar
turkish slow folk music – yavaş tempolu Türk halk müziği
turkish slow arabesque folk music – yavaş tempolu Türk arabesk halk müziği
pop folk – pop-folk tarzı
turkish arabesque folk music – Türk arabesk halk müziği
ambient – ortam müziği
ambience sounds – ambiyans sesleri
atmospheric sounds – atmosferik sesler
arpeggiated guitar – arpejli gitar
arabic male vocal – Arap erkek vokal
male vocalist – erkek vokal
smooth male vocal – yumuşak erkek vokal
heartfelt style vocal – duygusal vokal tarzı
soft piano – yumuşak piyano
subtle electronic beats – hafif elektronik ritimler
pop electronic beats – pop elektronik ritimler
rhythmic bass line – ritmik bas hattı

#SunoAI #SunoStudio #MüzikYapımı #YapayZekaMüzik #MüzikProdüksiyon #Aranje #BandLab #BoraUzen #ŞarkıYapımı #sunoaimusic 

instagram:
https://www.instagram.com/borauzenmuzik",Turkish Suno song
m5o1hKci8MI,SUNO AI: Gizli Özellikler (Gerçek) #Suno #SunoAI #yapayzeka #müzik,Derine Dalıyoruz: Yapay Zeka,2025-04-12T09:56:30Z,https://www.youtube.com/watch?v=m5o1hKci8MI,79024,3023,63,"Videonun orijinali: https://youtube.com/shorts/QCQh6SW-kyQ?si=4xc3NqBJeFIefiX1  
Suno AI, müzik projelerinizi yapay zeka destekli müzik üretim teknolojileriyle yeniden şekillendirir. Platformun sunduğu yenilikçi çözümlerle müziğinizi bir üst seviyeye taşıyın. Hayal gücünüzü harekete geçirin—en çarpıcı müzik fikriniz ne? Yorumlarda buluşalım!

🌐 Faydalı Linkler:
Web Adresi: suno.com

📱 Sosyal Medya:
INSTAGRAM: instagram.com/derinedaliyoruzyapayzeka
X: x.com/derinedaliyoruz
YOUTUBE: youtube.com/@derinedal%C4%B1yoruzyapayzeka
📧 E-Posta: divingdeep.ai.tr@gmail.com

📢 Kanalımızdaki bu ve diğer videolar, aksi belirtilmediği takdirde hiçbir reklam amacı taşımamaktadır. Tamamen şahsi görüşlere ve değerlendirmelere yer verilmektedir.

#SunoAI, #YapayZeka, #MüzikÜretimi, #Tech, #Innovation, #DerineDalıyoruz, #DijitalDevrim, #DijitalDönüşüm, #FutureTech, #DigitalRevolution, #MüzikTeknolojisi, #YapayZekaEğitim, #YapayZekaÜretim",Turkish Suno song
JUsujSKzZCA,Suno AI ile 1 Dakikada Şarkı Üret! – Adım Adım Türkçe Rehber,Hasan Ersoy,2025-11-30T20:57:40Z,https://www.youtube.com/watch?v=JUsujSKzZCA,1436,26,3,"Suno AI ile dakikalar içinde profesyonel bir şarkı nasıl yapılır? Bu videoda adım adım gösteriyorum: prompt yazımı ➤ vokal & enstrüman seçimi ➤ remix & varyasyon ➤ mp3 indirme.  
Eğitimde, projelerde, içerik üretiminde ya da sadece eğlence için — hemen deneyin! 🎵
📌 Kaçırmayın: https://www.suno.com  
👍 Beğendiyseniz like bırakın, 💬 yorum yazın, 🔔 abone olmayı unutmayın!

#Suno #AIMusic #ŞarkıÜretme #YapayZeka #MusicAI #TürkçeEğitim #EdTech


🎵 Suno AI ile birkaç dakika içinde profesyonel bir şarkı nasıl oluşturulur?
Bu videoda Suno'nun kullanımını adım adım uygulamalı olarak gösteriyorum. Prompt yazımından şarkı sözleri eklemeye, remix ve vokal ayarlarından indirme seçeneklerine kadar tüm özellikleri birlikte keşfediyoruz.

Suno, yapay zekâ destekli müzik üretiminde son dönemin en popüler araçlarından biri. Eğer derslerinizde, projelerinizde, içerik üretimlerinde veya sosyal medya çalışmalarında hızlı ve kaliteli şarkılar üretmek istiyorsanız bu video tam size göre!

🟦 Bu Videoda Neler Var?
Suno AI nedir?
Suno’ya nasıl giriş yapılır?
Prompt yazma teknikleri
Şarkı sözlerini ekleme / AI'nin otomatik söz yazması
Vokal ve tarz (genre) seçimleri
Remix ve varyasyon oluşturma
Üretilen parçayı indirme ve paylaşma
Eğitimde, projelerde ve içerik üretiminde kullanım önerileri

✍️ Videoda Kullandığım Örnek Prompt
“Enerjik, modern bir rap beat. Hızlı ritim. Motivasyon ve başarı temalı. Erkek vokal. Akılda kalıcı nakarat.”

📝 Profesyonel Prompt Örnekleri
Rap için:
“Fast tempo freestyle rap with punchy bass. Confident male vocal. Catchy hook. Street vibe.”

Romantik yavaş şarkı:
“Soft emotional acoustic ballad. Gentle female vocal, warm guitar, relaxing atmosphere.”

Okul / sınıf / proje için:
“Happy motivational school anthem. Enerjik ritim, çocuk korosu, pozitif tema.”

Dilersen yorumlara kendi prompt’unu yaz — birlikte geliştirelim! 🎤🔥

🔗 Suno’ya Ulaşmak İçin
👉 https://www.suno.com

📌 Bu Video Kimler İçin Faydalı?
Öğretmenler
Öğrenciler
İçerik üreticiler
Müzik severler
Proje yapımcıları
AI araçlarına ilgi duyan herkes

🌟 Kanalı Desteklemek İçin
👍 Videoyu beğenmeyi,
💬 Yorum yapmayı,
🔔 Yeni videolar için abone olmayı unutmayın!

#Suno #SunoAI #AIMusic #MusicAI #ArtificialIntelligence #YapayZeka #ŞarkıÜretme #AIŞarkı #MüzikÜretimi #EğitimdeYapayZeka #PromptEngineering #AIContentCreation",Turkish Suno song
BZ8iJHmzty4,Suno AI Gelişmiş Komutlar 🎵 | Profesyonel Müzik Üretmenin Sırları (Prompt Rehberi),Yapay Zeka Akademisi,2025-12-16T20:15:01Z,https://www.youtube.com/watch?v=BZ8iJHmzty4,17238,694,119,"Bu videoda Suno AI ile müzik üretirken kaliteyi doğrudan etkileyen gelişmiş komutları paylaştım.
Vokal davranışları, armoniler, tempo, groove, stil ve enstrüman yönlendirmeleriyle daha profesyonel sonuçlar alabilirsiniz.

Aşağıda videoda anlattığım kopyala–yapıştır hazır Suno komutlarını ve Türkçe anlamlarını bulabilirsiniz 👇

🎛️ Neler öğreneceksiniz?
• Kıta ve nakarat başında kullanılan vokal etiketleri
• Armoni, ad-lib ve backing vocal kontrolü
• Tempo, ölçü, ton ve groove ayarları
• Synthwave, lo-fi, sinematik ve modern folk stilleri
• Enstrüman ve mix yönlendirmeleri

Bunlarıda mutlaka izle !
https://www.youtube.com/watch?v=DJr_mkAYMIs
https://www.youtube.com/watch?v=_rgL_s1btoc&t=6s

📌 İpucu:
Bu etiketleri tek tek değil, 3–5 tanesini birlikte kullanarak çok daha tutarlı sonuçlar alırsınız.

🎵 Kullandığınız kombinasyonları yorumlara yazın, en iyi çalışan presetleri birlikte geliştirelim.

👍 Videoyu beğenmeyi,
🔔 kanala abone olmayı unutmayın.

🎤 Vokal Karakter & Performans

[lead vocal: emotional, controlled, no oversinging]
➝ Duygulu ama kontrollü, abartısız ana vokal

[vocal dynamics: soft verses, powerful chorus]
➝ Kıtalar yumuşak, nakarat güçlü söylenir

[vocal doubling: subtle, chorus only]
➝ Sadece nakaratta hafif vokal çiftleme

[backing vocals: wide stereo, low mix]
➝ Geniş stereo arka vokaller, düşük seviyede

🎶 Nakarat / Kıta Yapısı

[chorus: anthemic, uplifting, memorable hook]
➝ Marş hissi veren, akılda kalıcı nakarat

[verse: restrained, storytelling focus]
➝ Sade, hikâye anlatımına odaklı kıta

[pre-chorus: tension build, rising energy]
➝ Nakarat öncesi gerilim ve enerji artışı

🎼 Aranjman & Yapı

[arrangement: gradual build, late drop]
➝ Yavaş yavaş yükselen, geç patlayan yapı

[arrangement: minimal intro, full chorus impact]
➝ Minimal intro, nakaratta tam dolu etki

[bridge: emotional breakdown, stripped instrumentation]
➝ Duygusal köprü bölümü, sadeleşmiş enstrümanlar

🎧 Atmosfer & Doku

[atmosphere: nocturnal, intimate, reflective]
➝ Gece hissi, içe dönük ve düşünceli atmosfer

[texture: warm analog, tape saturation]
➝ Analog sıcaklık, bant doygunluğu hissi

[reverb: long tail, dreamy space]
➝ Uzun kuyruklu, rüya gibi reverb alanı

🎛️ Ritim & Groove Detayları

[drums: tight kick, soft snare, humanized timing]
➝ Sıkı kick, yumuşak snare, insansı zamanlama

[hi-hats: shuffled, subtle swing]
➝ Hafif salınımlı, shuffle hi-hat’ler

[groove intensity: medium, laid-back]
➝ Orta yoğunlukta, rahat groove

🎸 Enstrüman Ek Yönlendirmeleri

[keys: warm electric piano, neo-soul voicings]
➝ Sıcak elektrik piyano, neo-soul akor yapıları

[synth pad: slow attack, wide stereo]
➝ Yavaş giren, geniş stereo synth pad

[strings: emotional swells, cinematic support]
➝ Duygusal yaylı yükselişleri, sinematik destek

🎚️ Mix & Genel His

[mix: vocal forward, soft instrumental bed]
➝ Vokal önde, altyapı yumuşak

[loudness: streaming-friendly, dynamic range preserved]
➝ Yayın platformlarına uygun, dinamik aralık korunmuş

#SunoAI #MusicAI #AIMusic #SunoPrompt #YapayZekaMüzik #MusicProduction #AIProducer",Suno Türkçe şarkı
r_glqq5DUxc,SUNO 5.5 İLE SES KLONLAMA GELDİ! Kendi Sesinle Şarkı Yaptır!,Mustafa İNCE,2026-03-27T19:00:06Z,https://www.youtube.com/watch?v=r_glqq5DUxc,34065,1072,842,"Artık kendi sesinizle şarkı yapmak hayal değil!
Suno 5.5 güncellemesiyle birlikte Voice Cloning (Ses Klonlama) özelliğini aktif etti.

Bu videoda:
👉 Kendi sesinizi nasıl klonlayacağınızı
👉 Yapay zekaya kendi sesinizle şarkı nasıl okutulur
👉 En kaliteli sonucu almak için hangi kayıtları kullanmalısınız
👉 Profesyonel sonuç için kritik ipuçları

hepsini adım adım uygulamalı olarak gösteriyorum.

🎤 Artık neler yapabilirsiniz?

Kendi sesinizle farklı tarzlarda şarkılar üretmek
Demo kayıtları profesyonel seviyeye taşımak
AI ile vokalinizi güçlendirmek ve çeşitlendirmek
Hiç şarkı söylemeden bile kendi sesinizle eser çıkarmak

DAĞLAR DAĞLADI FUNK PROMT
High-octane Neo-Funk, elite musicianship, virtuosic slap bass guitar solo, syncopated clean electric guitar scratches, lush Rhodes piano chords, tight live drum grooves, explosive brass section, high energy, funk fusion, intricate syncopation, 115 BPM, professional studio recording, organic live feel, driving rhythm section",Suno Türkçe şarkı
XiPeDs_Mp48,Suno'ya Kendi Şarkılarınızı Yüklemeden Önce Bu Video'yu İzleyin,Orçun Ayata - Mix Akademisi,2025-11-26T14:32:28Z,https://www.youtube.com/watch?v=XiPeDs_Mp48,20064,477,142,"Suno'nun tüm kullanım şartlarını buradan okuyabilirsiniz: https://suno.com/terms-of-service

🔥 Logic Pro ile Müzik Prodüksiyonu Kursu (Başlangıç): 
https://mixakademisi.com/pages/logic-pro-muzik-produksiyonu-kursu

📢 İleri Seviye Mix Kursu (Pop/Alternatif): https://mixakademisi.com/pages/ileri-seviye-miks-kursu-pop-alternatif

📢 Miksin Temelleri Kursu: https://mixakademisi.com/pages/miksin-temelleri-kursu

📢 Tam Kapsamlı Mastering Kursu: https://mixakademisi.com/pages/muzikte-mastering-kursu

👉 Mix, Mastering, ve Müzik Prodüksiyonu Talepleriniz için iletişim: https://www.orcunayata.com/tr/contact

👉  Website: https://orcunayata.com/tr
👉  Instagram: https://instagram.com/orcunayata",Suno Türkçe şarkı
jvOYMival54,Suno AI'da Kimsenin Bilmediği Komutlar! (Daha İyi Müzik Üret),Yapay Zeka Akademisi,2026-03-09T20:07:23Z,https://www.youtube.com/watch?v=jvOYMival54,12499,794,84,"Bu videoda Suno AI'da kimsenin bilmediği komutları paylaşıyorum. Bu komutları kullanarak Suno AI ile çok daha kaliteli ve profesyonel müzikler üretebilirsiniz.
BURDAN ÜYE OLABİLİRSİN :
https://suno.com/invite/@revolutionarygenerations1617

🚀 10 saniyede yapay zekâ ile Shorts videoları oluşturabilirsin.
       Aşağıdaki linkten hemen kaydolabilirsin.
👉 SmartShort AI: https://smartshort.co?ref=yapay-zeka-akademisi68

Suno AI, yapay zekâ ile şarkı üretmek isteyenler için en güçlü araçlardan biri. Ancak doğru prompt ve komutları kullanmadığınızda istediğiniz kaliteyi almak zor olabilir. Bu videoda Suno AI kullanırken işinizi çok kolaylaştıracak bazı önemli komutları gösteriyorum.

Videoda öğrenecekleriniz:

• Suno AI’da kullanılan özel komutlar
• Daha iyi vokal ve müzik üretmek için prompt teknikleri
• Şarkıya konser atmosferi veren komutlar
• Suno AI ile daha profesyonel müzik üretmenin püf noktaları

Eğer AI ile müzik üretmek, Suno AI kullanmayı öğrenmek veya yapay zekâ ile şarkı yapmak istiyorsanız bu video size yardımcı olacak.

Benzer içerikler için kanala abone olmayı unutmayın.

Videodaki bazı promptlar: 
[Chorus - Live performance, crowd singing]
Bu gece şampiyonuz
Bu elektrik dolu parıltının içinde
Bu bizim zafer şarkımız

[Verse]
Kılığımdaki maskeyi hemen fark ettin
Her şeyi bilen gözlerinle
Bana bir büyü yaptın

(Type on screen):
[Verse]
Bu anda zaman duruyor
Kalbim hızla atıyor, hissettiklerim...
Ve biliyorum
Bu duygu gerçek

Odanın içindeki sessizlik giderek yükseliyor
Kalabalığın içinde kendi yansımamda kaybolmuşum

[Bridge]
Mmmmmmm mmmmm
Söyleyecek söz bulamıyorum
Ooh-ooh-ooh-ooh
Seni uzaklaşırken izliyorum

Bu gece kendimi hayatta hissediyorum
(Evet!)
Hiçbir şey beni aşağı çekemez
(Aynen öyle!)

[Verse 1]
Güneş doğuyor ve ben de uyanıyorum
Gökyüzü alev gibi, şaşılacak bir şey yok
Adım adım özgür hissediyorum
Yepyeni bir gün beni çağırıyor

[Verse 2 - a piano plays a textured tune]
Ayaklarımın altında kaldırım mırıldanıyor
(Her kalp atışı bir anlığına duruyor)
Dünya canlı, her şey çok net
(Bugün korkusuz olacağım gün)

[Verse]
Işıklar çakar, gölgeler kıvrılır ve büyür

[Instrumental - Kalimba and Cello Duet]
Gece bizim, hadi gösteriyi çalalım!

[Chorus]
Gecenin ritminde kaybolmuşum
Her şey yoluna girecek

[Vocal Chop Interlude]

[Verse]
Ritim devam ediyor ve beni içine çekiyor.

Sizin için Ekstra Suno AI Promptları:

1️⃣ Live Concert Atmosphere
Prompt:
live concert atmosphere, stadium crowd singing along, audience cheering and clapping

Ne işe yarar:
Şarkıya canlı konser atmosferi verir. Arka planda kalabalık hissi ve sahne enerjisi oluşur.

2️⃣ Emotional Female Vocal
Prompt:
emotional female vocal, cinematic atmosphere, powerful chorus

Ne işe yarar:
Şarkının vokalini daha duygusal ve güçlü hale getirir. Özellikle pop ve ballad tarzlarında çok iyi çalışır.

3️⃣ Epic Orchestra Build Up
Prompt:
epic orchestral build up, cinematic drums, dramatic strings

Ne işe yarar:
Şarkıya film müziği gibi epik bir yükseliş katar. Trailer veya epik müziklerde etkili olur.

4️⃣ Lo-Fi Chill Style
Prompt:
lofi chill beat, soft piano, warm vinyl sound

Ne işe yarar:
Şarkıyı lofi ve chill bir havaya sokar. Arka plan müzikleri için idealdir.

5️⃣ Powerful Rock Energy
Prompt:
powerful rock vocal, electric guitar riffs, energetic drums

Ne işe yarar:
Şarkıya rock enerjisi ve daha güçlü enstrümanlar ekler.

6️⃣ Choir Background Vocals
Prompt:
epic choir background vocals, layered harmonies

Ne işe yarar:
Arka planda koro vokalleri ekler. Şarkıyı daha büyük ve epik hissettirir.

7️⃣ Synthwave Retro Style
Prompt:
synthwave style, retro synths, neon 80s atmosphere

Ne işe yarar:
Şarkıya 80'ler synthwave / retro havası verir.

#sunoai #yapayzeka",Suno Türkçe şarkı
w1dQs_KmN-A,KENDİ SESİNLE Yapay Zeka Şarkısı Yap! | Yapay Zeka Şarkı Düzenleme - SUNO Ses Değiştirme,Özgür W,2026-01-27T15:01:44Z,https://www.youtube.com/watch?v=w1dQs_KmN-A,16287,650,64,"Yapay zeka müziklerini kendi sesimizle değiştiriyoruz. Sesinizi klonlayıp ister cover yapın, ister kendi şarkılarınızı çıkarın. Suno gibi platformlarda oluşturacağınız şarkıları anında kendi sesinizle söyletebilirsiniz!

VOICE CONTROLLA: https://voice.controlla.xyz/?ref=ozgur

*Bu video sponsorlu bir video değildir, link affiliate bağlanıtısı içerir.

Videoyu beğendiyseniz beğen tuşuna basarak ve yorum yaparak bana destek olabilirsiniz. Videolarımdan haberdar olmak için kanalıma abone olabilirsiniz. Teşekkürler!

BANA ULAŞIN:
❇️ https://ozgurw.com/bio/
❇️ Beni instagramdan takip edebilirsiniz:   https://instagram.com/ozgurwai
📧 E-Posta: bilgi@ozgurw.com

Bölümler:

00:00 Neler Yapacağız?
00:56 Yapay Zeka Şarkısı Nasıl Oluşturulur?
03:39 Hızlı Ses Klonlama
08:48 Profesyonel Ses Klonlama",Suno Türkçe şarkı
zsHXUAqfHKk,İçmeden Oy Oy - Fatih Bulut | Yapay Zeka AI Cover - Anatolia Live,Anatolia Live,2026-04-18T14:30:13Z,https://www.youtube.com/watch?v=zsHXUAqfHKk,1367791,2842,53,"Fatih Bulut’un efsaneleşen enerjik yorumuyla tanınan ""İçmeden Oy Oy"" türküsünü, en yeni yapay zeka teknolojilerini kullanarak yeniden yorumladık! 🚀

Geleneksel Anadolu tınılarını modern AI teknolojisiyle birleştirdiğimiz bu projede, türkülerin o samimi ruhunu dijital çağa taşıyoruz. Rakıdan, şaraptan ve aşktan bahseden bu hareketli eseri bir de yapay zekanın sesinden dinleyin.

Şarkı Sözleri: 
Bir arak ver
Bir şarap ver
Bir meze ver
İçmeden oy oy oy oy oy oy
Sarhoşum oy oy oy oy oy oy
Mayhoşum oy oy oy oy oy oy
Rakıdan oy oy oy oy oy oy
Şaraptan oy oy oy oy oy oy
Araktan oy oy oy oy oy oy
 
Yarin bahçasından geçtim
Gülünden bir şen gül seçtim
Aşk şarabın yalnız içtim
 
Bir arak ver
Bir şarap ver
La bir meze ver
İçmeden oy oy oy oy oy oy
Sarhoşum oy oy oy oy oy oy
Mayhoşum oy oy oy oy oy oy
Rakıdan oy oy oy oy oy oy
Şaraptan oy oy oy oy oy oy
Araktan oy oy oy oy oy oy
 
Yarim güzel bağlar deste
Konuştukça yapıyor beste
Şarap verin lan bana tasta
 
Bir arak ver
Bir şarap ver
Bir meze ver
İçmeden oy oy oy oy oy oy
Sarhoşum oy oy oy oy oy oy
Mayhoşum oy oy oy oy oy oy
Rakıdan oy oy oy oy oy oy
Şaraptan oy oy oy oy oy oy
Araktan oy oy oy oy oy oy
 
Adı güzel kendi güzel
Bir gülüşü ömre bedel
Bi' kez öpse o bana yeter
 
Bir arak ver
Bir şarap ver
La bir meze ver
İçmeden oy oy oy oy oy oy
Sarhoşum oy oy oy oy oy oy
Mayhoşum oy oy oy oy oy oy
Rakıdan oy oy oy oy oy oy
Şaraptan oy oy oy oy oy oy
Araktan oy oy oy oy oy oy

İçmeden oy oy oy oy oy oy
Sarhoşum oy oy oy oy oy oy
Mayhoşum oy oy oy oy oy oy
Rakıdan oy oy oy oy oy oy
Şaraptan oy oy oy oy oy oy
Araktan oy oy oy oy oy oy

🔔 Yeni nesil müzik deneyimlerini kaçırmamak için kanalımıza abone olun ve bildirimleri açın!

#FatihBulut #İçmedenOyOy #AICover #YapayZekaMüzik #OyunHavası #HareketliTürkü #TürkçeAI #MüzikRemix #2026Müzik",yapay zeka Türkçe şarkı
6s71hheRmJ4,"2026 EN ÇOK DİNLENEN ŞARKILAR - Top 10 Türkçe Pop Cover (Blok3, Semicenk, Sefo)",Yıldız Cover,2026-01-12T13:54:53Z,https://www.youtube.com/watch?v=6s71hheRmJ4,2988549,7815,189,"2026 EN ÇOK DİNLENEN ŞARKILAR - Top 10 Türkçe Pop Cover (Blok3, Semicenk, Sefo) Yıldız Cover kanalına hoş geldiniz! 🏠🎶

2026 yılına damgasını vuran, YouTube ve Spotify listelerinde zirveye yerleşen en iyi 10 şarkıyı sizler için özel bir düzenlemeyle coverladık. Blok3'ün hitlerinden Semicenk'in duygusal parçalarına, Sefo ve Demet Akalın düetinden Ebru Gündeş klasiklerine kadar yılın en popüler şarkıları bu videoda!

Bu müzik şölenini kaçırmayın. Keyifli dinlemeler! 🎧

🔔 Destek olmak için: Videoyu BEĞENMEYİ, yorum yapmayı ve Yıldız Cover kanalına ABONE OLMAYI unutmayın! Yeni coverlardan haberdar olmak için bildirim zilini açın.

🎵 Şarkı Listesi / Tracklist: 
00:00 KUSURA BAKMA – Blok3 
01:58 Çıkmaz Bir Sokakta – Semicenk 
05:07 COOOK PARDON - Lvbel C5 & AKDO 
06:50 Seni Düşündüm – Çağla & Doğu Swag 
09:49 GİT – BLOK3 
12:33 Napıyosun Mesela? – BLOK3 
16:01 Amatör – manifest 
18:45 Yeniden - Ragga Oktay 
22:04 Yerinde Dur – Sefo & Demet Akalın 
24:25 Bir Çift Göz – Norm Ender & Ebru Gündeş


#TürkçePop #2026Hits #Blok3 #Semicenk #CoverSongs #Müzik #Trendler #YıldızCover",yapay zeka Türkçe şarkı
Sv37kx37PvQ,Nikbinler - Eylülzede | 70s Psychedelic Anatolian Rock,Anatolian Psych Rock Lab,2025-09-25T12:52:18Z,https://www.youtube.com/watch?v=Sv37kx37PvQ,47173479,238532,13438,"Merhaba sevgili dostlar. Serkan Selay beyefendinin bizlere ulaşması sonucunda, bugün tam bir kolektif çalışmayla ortaya çıkardığımız harikulade bir eser ile sizlerleyiz.

""Eylülzede"", 2014 yılında Serkan Selay tarafından yazılmış ve Uşşak makamında bestelenmiş bir eserdir. Eylülzede, hem bir aşk şarkısı olma sıfatını taşırken bir yandan da toplumsal meselelere değinen derin bir eser olma meziyetini gösteriyor bizlere.

Biz bu eseri Nikbinler Band @nikbinler  ile birlikte çalışarak Berika KA'nın vokalini ve mevcut besteyi yapay zeka araçlarıyla prodüksiyondan geçirerek oluşturduk ve ortaya 70lerin Psychedelic Anadolu Rock'ı tarzında bir çalışma çıkardık. 

Bu çalışmayı yapmamıza vesile olan eser sahibi sevgili Serkan Selay beye ve son zamanlarda Psychedelic Anadolu Rock tarzında müthiş eserler ortaya koyan Nikbinler Band'a çok teşekkür ederim. 

Keyifli dinlemeleriniz olsun. Eylül günlerinde ve Eylül'e hasret kaldığınız diğer tüm günler de sizlere eşlik eden bir şarkı olsun Eylülzede. Sevgilerimle...  🍂

▫️Spotify: https://open.spotify.com/intl-tr/artist/2BB5zdnk16mjBs0BbIcb6r
▫️Apple: https://music.apple.com/us/artist/anatolian-psych-rock-lab/1832166664
▫️Instagram: https://www.instagram.com/anatolianpsychrocklab
▫️Twitter/X: https://www.x.com/anatolianlab 
▫️Ekşi: https://eksisozluk.com/anatolian-psych-rock-lab--7995112

► [EN]
Hello dear friends. Thanks to Serkan Selay's contact, we're here today with a magnificent piece we've created through a truly collective effort.

""Eylülzede"" is a piece written by Serkan Selay in 2014 and composed in the Uşşak makam. While ""Eylülzede"" is a love song, it also demonstrates its profound qualities, touching on social issues.

We collaborated with Nikbinler Band to create this piece, incorporating Berika KA's vocals and using artificial intelligence to produce the existing composition. The result is a work inspired by '70s psychedelic Anatolian rock.

I extend my sincere thanks to the author, Serkan Selay, for making this work possible, and to Nikbinler Band, who have recently produced incredible works in the psychedelic Anatolian rock genre.

Enjoy listening to it. May ""Eylülzede"" be a song that accompanies you on your September evenings. With love... 🍂

━━━━━━━━━━━━━━━━━━━━

►Eylülzede Şarkı Sözleri:
Ay bulutta saklanır,
Eylül gözlerine doğduğu gece.
Hüzün, öyle derin iklimlerde
Bir kelime, binbir hece…

Köşe başlarımda,
İlk gözyaşlarımda,
Bir Eylül yağmurusun,
Islak şehir taşlarımda…

Bir sevdadır şu hayat,
Ağrısı yürek çarpıntılarında.
Gün gün eksilirsin kendinden,
Bir Eylül denizinin çırpıntılarında…

Mezar taşlarında,
Urgan uçlarında,
Bir Eylülzede'sin sen,
Ay bulaşmış dağ başlarında… 

━━━━━━━━━━━━━━━━━━━━
🍂 Söz ve Beste: Serkan Selay
🎼 Music: Nikbinler & SUNO v5
🎨 Cover Art: Midjourney
🎛️ Mastering: eMastered
🧠 Concultant: ChatGPT 5

🔔 Subscribe for more ghostly Anatolian psych experiments.

🌱 Diğer kanalımız:  @mainurmusic 

◉ Telif haklarıyla ilgili durumlar ve iş birlikleri için lütfen önce mail ile iletişime geçiniz: zaruretrecords@gmail.com

© 2025 Anatolian Psych Rock Lab

#Eylülzede #Nikbinler #SerkanSelay #AnatolianRock #PsychedelicRock #Nikbin #TürkçeRock #70sRock #70sTurkishRock #TurkishPsych #AnadoluRock #70s #APRLab",yapay zeka Türkçe şarkı
4LmO2QiY890,Best of Anadolu Remix – En İyiler | Psychedelic Anatolian Rock (Full Album),Anadolu Remix,2026-01-23T17:00:42Z,https://www.youtube.com/watch?v=4LmO2QiY890,1068663,5103,178,"Anadolu’nun kadim türküleri; özünden, hüznünden ve asil ruhundan zerre kopmadan, yüksek kaliteli Psychedelic Anatolian Rock altyapısıyla yeniden hayat buluyor! 🎸🔥

""Best of Anadolu Remix - En İyiler"" albümünde; o çok sevdiğimiz efsanevi ezgileri, 70'ler Anadolu Rock ruhunun vazgeçilmezi olan fuzz/wah-wah gitarlar, Hammond org tınıları ve derin baslarla harmanlayıp, yüksek enerjili ve hareketli bir formda yeniden yorumladık. Amacımız, yıllardır kasetlerden ve plaklardan dinlediğimiz bu eşsiz mirası, müzikal kaliteden ödün vermeyen çağdaş ve temiz bir rock prodüksiyonuyla sizlere sunmak.

İster uzun yolda sürüş keyfinize eşlik etsin, ister dev ekranda o nostaljik retro ruhu yaşatsın... 43 dakikalık bu kesintisiz müzik ziyafetinde ritim hiç düşmüyor. Geleneksel ezgilerimizin efsanevi bir rock altyapısıyla harmanlandığı bu albümde sizin favori parçanız hangisi oldu? Dakikasıyla birlikte yorumlara yazın, Anadolu Rock sevdalıları olarak yorumlarda buluşalım! 👇

🕒 BÖLÜMLER (Tracklist - Kesintisiz Mix)
00:00 Pınar Başından Bulanır
04:59 Mektebin Bacaları
09:19 Sendeki Kaşlar
13:31 Evlerinin Önü Handır
17:08 Zeytin Yaprağı Yeşil
22:01 Samsak Döveci
26:46 Antebin Hamamları
32:05 Urfalıyam Dağlıyam
36:47 Vay Sürmeli

🎼 KÜNYE VE PRODÜKSİYON DETAYLARI
• Prodüksiyon & Mix: Anadolu Remix
• Müzikal Tarz: Psychedelic Anatolian Rock / Anadolu Rock / Nostalji
• Söz & Müzik: Anonim (Public Domain / Kamuya Mal Olmuş Eserler)
• AI Destekli Müzikal Üretim: Suno v5 Pro
• Görsel & Kapak Tasarımı: ChatGPT (Visualizer)

""Anadolu Remix"", kültürel mirasımız olan geleneksel Türk halk müziğini, yeni nesil yapay zeka (AI) teknolojileri ve profesyonel insan vizyonuyla harmanlayarak Anatolian Rock kültürünü yaşatan bağımsız bir projedir. Duyduğunuz tüm modern aranjelerin, işitsel kurgunun ve master kayıtların hakları %100 Anadolu Remix'e aittir.

🔔 ANADOLU ROCK KÜLTÜRÜNE DESTEK OLUN
İstatistiklerimize göre bizi dinleyenlerin %97'si henüz kanalımıza abone değil! Geleneksel ezgilerimizi o özlediğimiz rock dokunuşuyla yaşattığımız bu projeyi desteklemek isterseniz:
👍 Videomuzu BEĞENMEYİ (Öne çıkmamız için en büyük gücümüz!),
🔁 Müzik zevkine güvendiğiniz dostlarınızla WhatsApp gruplarında PAYLAŞMAYI,
✅ Bu kültürü birlikte büyütmek için kanalımıza ABONE OLMAYI lütfen unutmayın!

▶️ Bizi diğer platformlarda da takip edin:
YouTube: https://youtube.com/@AnadoluRemix
TikTok: https://www.tiktok.com/@anadoluremix
Instagram: https://www.instagram.com/anadoluremix

#AnadoluRock #AnatolianRock #PsychedelicAnatolianRock #AnatolianRockMix #AnadoluRemix #HareketliTürküler #EnÇokDinlenenTürküler #UzunYolMüzikleri #BestOfAnadoluRemix #TürküRemix #70lerRock #NostaljiRock #TurkishFolkRock #TürkçeRock #SevilenTürküler",yapay zeka Türkçe şarkı
tEb7nVKBoAc,En Çok Dinlenen 13 Türkü | Psychedelic Anatolian Rock Mix,Anatolian Waves,2026-04-13T05:30:33Z,https://www.youtube.com/watch?v=tEb7nVKBoAc,797568,2758,90,"Anadolu'nun kadim melodileri, modern ""Psychedelic Anatolian Rock"" tınılarıyla tek bir videoda buluşuyor.

Anatolian Waves kanalı olarak, tekrar tekrar dinlediğiniz ""En Çok Dinlenen 13 Türkü"" tek bir akışta bir araya getirdik. Kökleri geçmişte, ruhu günümüzde olan bu kesintisiz Psychedelic Anatolian Rock Mix, sizi mistik bir müzikal yolculuğa çıkaracak.

Uzun yollar, gece sürüşleri ve derin düşünceler için özel olarak kurgulanan bu seçki, efsanevi Anadolu Rock'ın o saykodelik atmosferini hissetmek isteyenler için hazırlandı. Arkanıza yaslanın, sesi açın ve bu eşsiz dalganın tadını çıkarın. 🎧

👉 Bu tarz psychedelic yolculukların devamı için videoyu BEĞENMEYİ ve Anatolian Waves kanalına ABONE OLMAYI unutmayın! Desteğiniz çok değerli.

━━━━━━━━━━━━━━━━━━━━

🎵 Parça Listesi (Tracklist & Bölümler):
00:00 Yazan Kalem Siyah
04:27 O Yar Gelir
08.38 Gide Gide Bir Söğüde Dayandım
13:41 Pazarlık mı Olur
18:16 Süphan Dağı 
22:03 Bu Dağlar Kömürdendir
27:18 Kurudu Dalında Soldu Yaprağım
31:39 Ağlama Gözlerim Mevla Kerimdir
36:37 Hacel Obası
40:39 Gelino Gelino
44:46 Dido
49:03 Kırmızı Gül Demet Demet
53:14 Ahlatın Başındayım

━━━━━━━━━━━━━━━━━━━━

🎼 Müzik: Suno v5
🎨 Görsel: MidJourney
🎛️ Mastering: Anatolian Waves
🧠 Yardımcı: Gemini Pro, ChatGPT

🔔 Bizi takip edin, dalgaya kapılın. Geleneksel Anadolu ruhunu ve unutulmaz hisleri, modern saykodelik tınılarla yeniden besteliyor ve yorumluyoruz. Bu derlemedeki eserler yapay zekâ destekli üretildi; fakat taşıdıkları o derin hisler tamamen insana ait. ❤️

📌 Telif ve Hukuki Bilgilendirme
Bu sanatsal çalışmada yer alan eserlerin hakları asıl sahiplerine aittir. Bu eserlerin modern aranjmanları, psychedelic yorumları ve kurgusu Anatolian Waves'e aittir.

📩 İletişim: wavesanatolian@gmail.com

© 2026 Anatolian Waves

━━━━━━━━━━━━━━━━━━━━

#psychedelicanatolianrock #anadolurockmix #turkishpsychedelic #uzunyol #AnatolianWaves #türkü #anadolurock #turkishpsychedelicrock #aimusic #PsychedelicAnatolianRockMix #anatolianrock #türküler #türkü",yapay zeka Türkçe şarkı
h8a1BXXqXS0,ALIŞIRIM (Kısmet Değilmiş Mutluluk) (Akustik Cover) – AI Cover | Musicihan Production (Hareketli),Musicihan Production,2026-04-06T13:56:46Z,https://www.youtube.com/watch?v=h8a1BXXqXS0,942852,2719,86,"1987 yılında yayımlanan Alışırım albümüyle özdeşleşen “Alışırım”, güçlü yorumu ile Harika Avcı tarafından geniş kitlelere ulaştırılmıştır.

Eser, zaman içinde birçok sanatçı tarafından yeniden yorumlanmış ve farklı tarzlarla müzik dünyasında yer edinmiştir. Bunlar arasında Müslüm Gürses, Hüner Coşkuner ve Safiye Soyman gibi önemli isimler bulunmaktadır.

Daha güncel yorumlarda ise Ersay Üner ve Derya Bedavacı şarkıyı modern tınılarla yeniden dinleyiciyle buluşturmuştur.

Bu videoda eser akustik hareketli cover tarzında yeniden yorumlandı. Taverna ve arabesk ruhunu koruyan enerjik bir düzenleme ile hazırlanmıştır.

🎧 Kanal: Musicihan Production

Bu çalışma yapay zeka destekli cover performansı olarak hazırlanmıştır ve eğlence amaçlıdır. Orijinal eser sahiplerine saygı amacıyla hazırlanmıştır. Tüm haklar orijinal eser sahibine aittir.

👍 Videoyu beğenmeyi
💬 Yorum yapmayı
🔔 Kanala abone olmayı unutmayın.

#alışırım #harikaavcı #müslümgürses#ersayüner #deryabedavacı #hünercoşkuner #safiyesoyman #akustikcover #hareketlicover #taverna
#arabesk #keşfetedüş #aicovermüzik #musicihan #reelsmüzik #shortscover
#viralşarkı #nostaljimüzik #yenicover #anadolumüzik #kısmetdeğilmişmutluluk",yapay zeka Türkçe şarkı
f3D54P4FwG0,Yaşlanırsın Yaşlanırsın | Psychedelic Anatolian Rock Cover,Anatolia Tunes,2025-11-12T18:56:23Z,https://www.youtube.com/watch?v=f3D54P4FwG0,8364382,18413,547,"🪔 Yaşlanırsın Yaşlanırsın

Zamanın acı-tatlı gerçeğini dile getiren, gönüllerimize taht kurmuş efsane türkü ""Yaşlanırsın"", yepyeni ve etkileyici düzenlemesiyle kanalımızda!

""Yaşlanırsın"" sadece bir dinleti değil, bir hatırlatmadır: Hayatın her anını dolu dolu yaşamanın ne kadar kıymetli olduğuna dair bir hatırlatma.

Dinlerken, kendinizi hayatınızın yollarında kısa bir yolculuğa çıkmış gibi hissedeceksiniz. Umarım bu yeni yorum, ruhunuza iyi gelir ve kalbinizde derin bir iz bırakır…

Videomuzu beğenmeyi, yorumlarınızı yazarak bize destek olmayı ve henüz ABONE değilseniz kanalımıza katılmayı unutmayın. En güzel türküler, sizinle hayat buluyor!

Sevgi ve Müzikle Kalın.🌷

Söz & Müzik: Hacı Çiçek
Düzenleme: Anatolia Tunes

© 2025 Anatolia Tunes

 #türkü #anadolurock #müzik #türküler",yapay zeka Türkçe şarkı
TqwBypSQQyE,Vay Bana Vaylar Bana (70s Anatolian Rock) – Arya Müzik Lab,Arya Music Lab,2025-11-29T18:58:31Z,https://www.youtube.com/watch?v=TqwBypSQQyE,8375043,14535,272,"Anadolu’nun acı dolu ezgilerinden biri, Arya’nın güçlü ve duygulu kadın vokaliyle yeniden can buluyor.
70’ler Anadolu Rock ve modern psychedelic sound birleşimi, retro analog dokular, film grain atmosferi ve mistik bir hava içerir.

🎙 Vokal: Arya
🎛 Düzenleme / Mix: Arya Müzik Lab Prodüksiyon
🎸 Tarz: 70s Anatolian Rock – Psychedelic Folk – Retro Analog
💫 Duygu: Hüzünlü, derin, içe işleyen

✨ Destek olmak için beğen – yorum yap – abone ol 💛
arya müzik lab
vay bana vaylar bana
vay bana vaylar bana arya müzik lab
anadolu rock cover
psikedelik anadolu rock
70ler retro cover
kadın vokal türkçe cover
psychedelic folk rock
anadolu folk 2025
retro anadolu rock
vay bana cover
vaylar bana cover
arya music lab
anadolu psychedelic 70s
#AryaMüzikLab #VayBanaVaylarBana #AnatolianRock #PsychedelicRock #TurkishFolk #AnadoluRock #Retro70s",yapay zeka Türkçe şarkı
hQfhk3VH8tE,En Çok Dinlenen Şarkılar \ Türkçe Pop Remix Şarkılar 2025 HiTs 2025,Rafis Ceferzade ,2025-06-19T14:00:06Z,https://www.youtube.com/watch?v=hQfhk3VH8tE,6165043,14837,203,"Instagram : https://www.instagram.com/rafisceferzade/
Facebook ; https://az-az.facebook.com/RafisCeferzade/
TikTok : https://www.tiktok.com/@rafisceferzade
iletisim ; +994518252423 (Whatsapp)

#deepmusic #deephouse #deepsleepmusic NewArabicRemix # عربي 8DS أغاني ريمكس عربية 2022 | أغاني ريمكس عربية 10D 2022 | أغاني عربية ريمكس فيديو | موسيقى عربية 8D 2022 | 10D الموسيقى العربية | صوت عربي 8D 2022 | أغاني ريمكس عربية 2022 | أغاني ريمكس عربية 8D | صوتيات عربية 2022 | ريمكس عربي رقص ساخن 2022 | اغاني عربية جديدة 2021 | يا ليلي ريمكس اغاني عربية 2022 | موسيقى عربية 8D | ريمكس عربي اغاني حكاياتي 2022 | أغاني ريمكس 8D | أغاني 8D Remix | ريمكس عربي رقص ساخن | أغاني الفيديو الرسمية العربية | ريمكس عربي مع رقص | ريمكس ياليلي عربي 2022 | أغاني ياليلي العربية 2022 | رقص عربي 2022 | ريمكس عربي رقص مثير 2022 | صوت عربي 8D 2022 | اغاني ريمكس عربية جديدة | اغاني عربية جديدة 2022 | ريمكس عربي جديد 2022 | رقص عربي رومانسي | اغاني ريمكس عربي للسيارات | أغاني عربية 8D سيارات | باس معززة تراب ميكس 2022 | فخ معزز للباس 2022 | أغاني الباس المعزز للسيارة | مصيدة تركية | أغاني الباس التركية | الفخاخ يعدل الأجنبية | ريمكسات عربي | ريمكسات مصرية يعدل Shilat | دي جي حماسي 2022 | دي جي 2022 | دي جي ديسكو 2022 | اغنيهة تركيا حزينة | إنه تركي أغاني 10D Bass Boosted | عربى تراب 2022 | اغاني ريمكس عربية للسيارة | أغاني Car Bass Boosted | اغاني ريمكس تركية | أغاني سباق السيارات العربية 2022 | أغاني ليلى العربية 2022 | 2022 أغاني ريمكس عربية جديدة | أغاني 2022 Bass Booster | 2022 أغاني عربية باس معززة | أغاني رأس السنة العربية | أغاني عربية صوتية | ريمكس أغاني الفيديو الرسمية العربية | ريمكس عربي برقص 2022 | اغاني حزينة عربية 2022 | ريمكس عربي حزين | أغاني عربية تيك توك ريمكس 2022 | ريمكس صوتي عربي | عزف الباص العربي ، رقص شرقي ، رقص شرقي ، شهرزاد رقص شرقي ريمكس عربي - نماوي ريمكس عربي - يا حسرة ريمكس عربي - يا بنات Elsen Pro - هل تكتب؟ ليليم بن سناء 2022 أنا لا أتصل تيري ميري (ريمكس يوسف إكسيوغلو) Sercan Uca & Kenan Adil - فتاة مهاجرة ابق الضحية لا أحد منك 2021 سوروش ملكبور - آه كذبة العالم بيجي زوت (جديد 2021) خلوني نعيش شاكيمي شاكيمي سيدة مثير (النسخة العربية 2021) عثمان Jibebe (TIK TOK Remix) ديدو 2024 رجل (عربي)
mix 2023, car music mix, best gangster music mix, gangster music, g-house, guitar, trap music, bass, car video, remix 2023, gangster, bass boosted, emre kabak remix, bass mix, car bass mix, best car mix, emre kabak, car bass, best car music, chill, cars, club mix, club music, house,pop music,music video, magic music, trap music, trap mix, trap remix, bass boosted rap songs, bass boosted default dance, bass boosted old town road, magic music video, magic music instrumental, magic music visuals, magic music box, magic music mix, trap music 2021, trap music remix, trap music now, trap music playlist, trap mix 2021, trap mix bass boosted, trap remixes popular songs, electro house

#deepmusic #deephouse #deepsleepmusic #deepsleep #housemusic #deephousemusic #housemusic #deepmusic #housemusic2020 #mix #popmusic #house #deephousemix #youtubemusic #musicas #songs #chill #music #bestmusic #carmusic #popularsongs #mix2023 #relaxmusic #musicmix #carmusic2023 #relaxingmusic #carmusicmix2023 #musicplaylist #pop #newsong #tophits #englishsongs #deephosenation #nocopiyrightmusic #partymix2022 #topmusic2023 #hits2023 #remix2023 #chillmusic #chillout #wintermix #djmix #housemix #summermix #electronicas #bestdeephosemix #tropicalmix #dancemix #girl #style #popular #hotmix #deephousemusic #newmusic #newyearmix #deephouse2023 #remixes #worldhits #charts #topusa #edmmix #electromix #brazilmix #deep #mashups #spotifymusic #youtubers #coldplay #drake #discopolo #kygo #bestdeephouse #loganpaul #edsheeran #ibiza #edmofo #justinbieber #house2021 #deepfelings #summermusicmix #summermusixmix2021 #summermusicmix2023 #bestdeephouse2023 #bestdeephouse2023 #chilloutmix #vocalhouse #feelinggodmix #emmapeters #viralmix #longmix #camilacabello #carlamorrison #house2023 #relaxmix #melodicmix2023 #melodimix #trendingmusic #bestofhousemusic  #ebruyasa 
#Burakbulut #Kurtuluskus #semicenk #kerimaraz #aleynatilki #dilanpolat #orhanolmez #mahsunkirmizigul

#",Turkish pop music
Tb-zjsEqr1k,Tuğba Yurt - İnceden İnceden,netd müzik,2017-09-20T09:00:04Z,https://www.youtube.com/watch?v=Tb-zjsEqr1k,208925108,404284,13275,"Tuğba Yurt'un, DMC etiketiyle yayınlanan ""İnceden İnceden"" isimli tekli çalışması, video klibiyle netd müzik'te.

Söz: Duygu Eyüpoğlu
Müzik: Ümit Köse - Duygu Eyüpoğlu
Düzenleme: Erdem Kınay
Yönetmen: Murat Joker

İnceden İnceden sözleri ile;
Geri dönmek için geç kaldın, sıra sende üzüleceksin
Varlığınla ne kazandırdın, yokluğunla ne kaybettireceksin
Bir gün iki gün sonra çözülür bağladığım karalar
Önüme bakarım taş olsan yoluma kalbim seni paralar 

Gel deneyelim diyorsun olur  mu yeniden?
Ruhumu okşuyor inceden inceden
Kanmam be oğlum neler gördüm neler 
Nasibimi aldım tüm yeminlerden

Türkçe Pop oynatma listesi: http://bit.ly/ndm-turkcepop
Yeni Hit Şarkılar: http://bit.ly/ndm-hitsarkilar
netd müzik’te bu ay: http://bit.ly/ndm-enyeniler

netd müzik, Facebook'ta, http://bit.ly/ndm-facebook
aynı zamanda Twitter'da, http://bit.ly/ndm-twitter
bir de Instagram'da! http://bit.ly/ndm-insta
Peki YouTube kanalımıza abone oldunuz mu? http://bit.ly/2d8ihWS",Turkish pop music
GR6r-jIryH0,Tefo & Seko Ft. Serdar Ortaç - Heyecan (Official Video),Poll Production,2025-07-30T16:30:07Z,https://www.youtube.com/watch?v=GR6r-jIryH0,63861598,124948,3181,"Tefo & Seko Ft. Serdar Ortaç - Heyecan (Official Video)

Abone OL( Subscribe): http://bit.ly/28R8iGZ

Spotify:  https://bit.ly/4kWFtJ3
Apple Music: https://bit.ly/45bTjBs
Fizy:  https://bit.ly/3H6wCXw
Muud: https://bit.ly/45z9rNV
Youtube Music: https://bit.ly/4lRsFoz

POLL PRODUCTION
https://www.pollproduction.com/
https://www.facebook.com/pollproduction/
https://twitter.com/pollproduction/
https://instagram.com/pollproduksiyon

"" Heyecan "" şarkı sözleriyle;

Deliler gibi yanıyorum 
Yuvadan uçup gidiyorum 
Yaşım özneden büyük ama seni
Adım adım, sayıp seviyorum 

Heyecandan ismini bile 
Kazıdım bitik yüreğime 
Senin aşk diyen o diline bile
Doyamadım telaşlanıyorum

Aradım seni çıkıp sokaklara
İsyanım sana değil tüm aşklara
Geceden içip içip sabahlara
Çıkamam dedim çıkamadım

Evet evet biz geldik
Yıldızı söndürür bu güzellik
Böylesi az gelir 40 yılda bir
Yaşarsın hayatında bir ilk
Görmek isteyen geceyi yaktı
Gördü gitti olmayan aklı
Biz kendimiz için yaptık baktık
Düşmanlar daha meraklı
Sokaklar döner podyuma
Senle çıkınca yine meydana
Düştü görenler tabi haklılar
Çünkü burada en güzel manzara
Gülüşün silah şakaklarda
Aradım seni sokaklarda
Hayatta yok bak bizim gibi
Bulamazsın kitaplarda 

Heyecandan her gece hayalini
Unutursam ağlama unut beni
Bebeğim hayatta yok senin gibi
Bulamam dedim bulamadım

Aradım seni çıkıp sokaklara
İsyanım sana değil tüm aşklara
Geceden içip içip sabahlara
Çıkamam dedim çıkamadım 

Bizimdir bütün meydan
Bizi gören herkesi sardı heyecan
Doyamaz bakmaya nasıl doyucan
Sen anca öyle uzaktan bakıcan 
Olmadı böyle hiç bırak olmasın
Ne varsa oda eksik kalmasın
Buna söyle nasıl yürek yanmasın
Sen hep gül ki çiçekler solmasın 
Hayat seçenekler sundu 
Ben seçeneklerin hepsini aldım 
İstediğin gibi değildim madem
Bende istediklerini aldım
Bir baksana böyle kaldım
Yada boşver kalmasın aklın
Biz böyle çok güzel olduk
Düştü gören istiyor yardım

Heyecandan her gece hayalini
Unutursam ağlama unut beni
Bebeğim hayatta yok senin gibi
Bulamam dedim bulamadım
Aradım seni çıkıp sokaklara
İsyanım sana değil tüm aşklara
Geceden içip içip sabahlara
Çıkamam dedim çıkamadım 

Söz & Müzik : Serdar Ortaç
Rap Sözler : Tefo
Düzenleme : Mvmi & Can Demir
Mix : Onur Aşar
Mastering : Utku Ünsal 

Yönetmen: AMİRAL 
Görüntü yönetmen: Emin şener
Gaffer: Taha Sağlam
Assistant Director: Utkan Evci
Giyim Stil : Bernotti79
Mekan : Famos Sarıyer 
Sosyal Medya Pr : Mustafa Koçel

#tefo #seko #serdarortaç   #heyecan   #pollproduction",Turkish pop music
GILi_0RamtY,Simge - Önümüz Yaz,netd müzik,2024-06-21T15:00:16Z,https://www.youtube.com/watch?v=GILi_0RamtY,100392452,174680,5628,"Simge'nin, Simge Sağın Production etiketiyle yayınlanan ""Önümüz Yaz"" isimli tekli çalışması, 4K çözünürlüğünde video klibiyle netd müzik'te.

Söz: Salman Tin
Müzik: Simge Sağın
Prodüktör: Ozan Bayraşa
Asistan Prodüktör: Şener Engin
Mix: Ozan Bayraşa & Utku Ünsal
Master: Utku Ünsal

Prodüksyon: Love66
Yönetmen: Samet Eruzun & Ümit Şahin
Görüntü Yönetmeni: Ufuk Yılmaz
Dansçı: Melih Jön
Yapım Amiri: Furkan Öztürk
Şef Asistan: Tolga Dindar
Kamera Asistan 1: Fatih Duman
Kamera Asistan 2: Emirhan Kasar
Edit: Love66
Color: Musap Çelik
Sanat Yönetmeni: Çağla Tuzci
Tipografi: Seda Yüksel
Set Amiri: Metin Albal
Set Asistan: Caner Dipcil
Styling: Doruk Kakız
Make up: Seçkin Süngüç
Hair: Batuhan Gelişli
Sanatçı Asistan: Alper Sertman
Fotoğraf: Seçkin Süngüç
Light&Equipment Taner Yaman
Rental: Kiralık Kamera 7/24

netd müzik'te bu ay http://bit.ly/nd-eniyi
Yeni Hit Şarkılar http://bit.ly/nd-yenihit

""Önümüz Yaz"" şarkı sözleri ile

Dökülür bedenim önüne bir köle diye
Değişir içimin sıcağı süreriz güneye
Yanacak yansın yüreğim döneriz deliye
Ne zaman o zaman yavrum şimdi değilse

Çekemeseler de sevemeseler de 
Benim içim temiz kalbim haylaz
Çekemeseler de sevmeseler de
Benim içim temiz benim kalbim saf

Düşür beni önüne ben olmuşum sarhoş
Güz çiçeği dövmemi de soldurur güneş
Çek beni de yatağına senciyim çoktan
Zamanımız az bak önümüz yaz

Facebook http://bit.ly/nd-f
Twitter http://bit.ly/nd-tw
Instagram http://bit.ly/nd-ins
YouTube http://bit.ly/nd-yt

#SimgeSağın #ÖnümüzYaz #SimgeSağınÖnümüzYaz",Turkish pop music
IcXsGn_iFUA,Türkçe Pop Müzik 2025 Mix 🎶 En Çok Dinlenen Pop Müzik 2024 ️️🎧 En Güzel Şarkılar 2025 🔊,Best Club Remix,2025-02-12T05:30:06Z,https://www.youtube.com/watch?v=IcXsGn_iFUA,2375191,4721,87,"Türkçe Pop Müzik 2025 Mix 🎶 En Çok Dinlenen Pop Müzik 2024 ️️🎧 En Güzel Şarkılar 2025 🔊
#türkçepopremix #popşarkılar #remixşarkılar 

======================================================

Merhaba arkadaşlar !
😘 Kanalımı ziyaret ettiğiniz için teşekkür ederim 😘

Kanalımız en yeni ve en iyi remix şarkıları canlı melodilerle sentezliyor. Yolculuğumuza katıldığınız için teşekkür ederiz ve kanalımızın favori hedefiniz olmasını dileriz !

►En yeni videolarımızın keyfini çıkarmak için kanalı takip edin

* Umarım beğenirsiniz ve paylaşmayı unutmayın. Birbirinden güzel şarkıları kaçırmamak için abone olmayı unutmayın, şimdiden teşekkürler.

© Video Copyright belongs to Best Club Remix
© Copyright by Best Club Remix ☞ Do not Reup

======================================================

Tag :
türkçe remix
remix şarkılar
türkçe pop remix
türkçe pop
pop şarkılar
en yeni şarkılar
2025 türkçe pop
türkçe pop şarkılar 2025
türkçe müzik
remix türkçe
remix şarkılar türkçe pop 2025
2025 pop şarkılar remix
pop şarkılar 2025
en iyi pop şarkı
en yeni remix
yeni pop şarkılar 2025
pop müzik 2025
pop remix
hareketli şarkılar
2025 yeni şarkılar remix
hareketli pop şarkılar 2025
remix pop şarkılar 
hareketli şarkılar 2025 remix
2025 yeni şarkılar remix
en hit pop şarkılar remix
pop müzik 2025 remix
yeni remix şarkılar 2025
hareketli pop şarkılar mix 
best türkçe remix
türkçe pop remix şarkılar 2025
türkçe pop müzik 2025 mix .",Turkish pop music
jWh-7JGuxTo,Hadise - Ara Beni | Official Visualizer,Hadise Acikgoz,2026-06-11T16:30:37Z,https://www.youtube.com/watch?v=jWh-7JGuxTo,43338575,155037,5736,"""Ara Beni"" şimdi tüm dijital platformlarda yayında.
Spotify: https://tinyurl.com/yey57s2a
Apple Music: https://tinyurl.com/4ht6besh

""H."" Albümü tüm dijital platformlarda yayında.
Spotify: https://tinyurl.com/4kj3ccw9
Apple Music: https://tinyurl.com/52y3xprj


Ara Beni'nin sizde bıraktığı izleri görmek çok güzel. ❤️
Paylaştığınız videoları, cover'ları ve kendi hikâyelerinizi izlemeyi seviyorum.
Klip gelene kadar, şarkının dünyasına eşlik edecek Official Visualizer şimdi yayında.
Yorumlarda hikayelerinizi okumak için sabırsızlanıyorum!


Hadise'nin kanalına abone olun ve yeni müzik videoları, canlı performanslar ve özel içerikler için takipte kalın: https://www.youtube.com/user/HadiseTV

Hadise'yi Takip Edin
Instagram: https://www.instagram.com/hadise
TikTok: https://www.tiktok.com/@hadise
Facebook: https://www.facebook.com/Hadise
X: https://www.twitter.com/Hadise
YouTube: https://www.youtube.com/user/HadiseTV
Website: https://www.hadise.com


Written by: Sheyh Ree
Composed by: Hadise Açıkgöz, Esad Fidan
Produced & Arranged by: Esad Fidan

Mixed by: Esad Fidan
Mastered by: Buğra Kunt
Assistant Arrangement by: İbrahim Küçükoğlu
Guitars by: Ediz Erinç
Vocal Coach: Banu Kunt Işık
Dolby Atmos Mastering: Çağatay Kehribar


Delirdim geceleri
Düşünerek yine kara kara seni
İnadını bırak da ara beni
Neler oldu söyle neden oldu
 
Yoksun diye döndü dünyam tersine
Yüreğimin benle bilmem derdi ne
İç içe bu şişelerin dibine
Battım kaldım battım kaldım​
 
Yoksun diye döndü dünyam tersine
Yüreğimin benle bilmem derdi ne
İç içe bu şişelerin dibine
Battım kaldım battım kaldım​​
 
Delirdim geceleri
Düşünerek yine kara kara seni
İnadını bırak da ara beni
Neler oldu söyle neden oldu​
 
Delirdim geceleri
Düşünerek yine kara kara seni
İnadını bırak da ara beni
Neler oldu söyle neden oldu​​​
 
Yalanına takıldım kaldım orda
Yarınıma sen böyle ortak olma
Yaralama düşürme beni yine ağına
Uyan, uyan
 
Delirdim geceleri
Düşünerek yine kara kara seni
İnadını bırak da ara beni
Neler oldu söyle neden oldu ​
 
Delirdim geceleri
Düşünerek yine kara kara seni
İnadını bırak da ara beni
Neler oldu söyle neden oldu ​​

#Hadise #AraBeni #OfficialVisualizer #HAlbumu",Turkish pop music
sprukwRl9ZQ,Hande Yener - Naber (Official Video),Poll Production,2014-09-15T19:48:31Z,https://www.youtube.com/watch?v=sprukwRl9ZQ,184109503,323895,13633,"Hande Yener - Naber (Official Video)

Abone OL( Subscribe): http://bit.ly/28R8iGZ 

Spotify: https://bit.ly/3MAUj9j
Apple Music: https://bit.ly/3MvBHHQ
Fizy: https://bit.ly/3TaVfoA
Muud: https://bit.ly/3T9JpLy
Deezer: https://bit.ly/3ySJ4pR
Youtube Music: https://bit.ly/3z25Ew9

POLL PRODUCTION
http://www.pollproduction.com/
https://www.facebook.com/pollproduction
https://www.twitter.com/pollproduction
https://www.instagram.com/pollproduksiyon/

""Naber"" şarkı sözleriyle;

Ao, hala orda mısın sen bıraktığım yerde?
Gözlerime inanamıyorum Allah'ım gerçek mi bu? (Gerçek mi bu?)
Dağ gibi bi gurur dimdik mağrur heybeti kalıbı meşhur
Şaka gibi bi durum dur daha alışamadım rüya mı bu? (Rüya mı bu?)

Tavan bile tutamıyordu seni halbuki uçuyodun göklerde
Tersine mehter bi ileri iki geri şimdi bu halin ne
Kızma hayata baktığın ayna bile sana küsmüşse
Sormadın ama sen ben söylücem cevabı da sende

Naber
Gelmedi senden bi haber merak ettik
Öldün mü? Kaldın mı? Endişelendik
Bu hayat çok zor malum, hele yalnızsan
Düşünecektin onu başında, naber

Söz & Müzik: Mert Ekren
Düzenleme: Mert Ekren
Klip Yönetmeni: Matina Korontzi

#handeyener #naber #mükemmel #pollproduction",Turkish pop music
_NoTqg152B0,"Sefo, Demet Akalın - Yerinde Dur (Official Video)",Sefo,2025-06-26T21:00:07Z,https://www.youtube.com/watch?v=_NoTqg152B0,318465932,757816,42495,"Official Video by Sefo & Demet Akalın performing Yerinde Dur (C) 2025 3TR6AP2 exclusive licensed to Sony Music Turkey


Söz & Müzik : Sefo (Seyfullah Sağır)
Düzenleme: Aerro
Mix & Mastering: El Turco Records
Stüdyo: El Turco Records  
Basın & PR: Selma Şentürk
Artwork: Arthur

Yapım: Group362 Entertainment
Yönetmen: Cenan Çelik
Görüntü Yönetmeni: Egemen Öktem
Sanatçı Menajeri: Okan Kurt
Sanatçı Menajeri: Fesih Kaynar
Uygulayıcı Yapımcı: Tugay Çolak
Prodüksiyon Asistanı: Enis Akın
Prodüksiyon Asistanı: Samed Balaban
Sanat Yönetmeni: Batuhan Akyüz
Sanat Asistanı: Dağcan Nargile
Sanat Asistanı: Fatih Yazar
Focus Puller: Evliya Devrim Demir
Kamera Asistanı: Yunus Köse
Kamera Asistanı: Mert Yakar
DIT: Kenan Çekiç
Işık Şefi: Muhammed Erdoğan
Işık Asistanı: Hüseyin Aydın
Işık Asistanı: Doğukan Bal
Işık Asistanı: Furkan Karakoç
Set Amiri: Bilal Çiman
Set Asistanı: Berat Alkan
Set Asistanı: Enis Kart
Fotoğraf: Ali Yurtseven(Wolrider)
Fotoğraf: Doğuş Onur
Steadicam:Ferhat Özel
Sefo Saç: Yusufcan Gülek
Sefo Makyaj: Aysun Ruhşan
Demet Akalın Saç: Anar Agakishiev
Demet Akalın Makyaj: Anar Agakishiev
Styling: Samet Çetinkaya
Styling Asistanı: Hakan Kerem Yılmaz
Styling Asistanı: Çisem Canfiliz
Sanatçı Asistanı: Niyazi Karagöz
Sanatçı Asistanı: Ceren Nida Yalınalp
Cast: Nurhan Çiftçi
Dansçı: İrem Yüksel
Dansçı: Katia Ornella
Dansçı: Daria Kozina
Dansçı: Bilge Kul
Kurgu: Berke Küçük
Renk: Post Brothers(Ercan Küçük)
Cast: Nurhan Çiftçi
Işık: Flare
Kamera: Filmarka
Karavan: Okan Karavan
Nakliye: Akın Ulaştırma
Set: Set 58

İşbirliği için Demet Akalın ve plak şirketi DMC’ye teşekkürler.


Spotify; https://open.spotify.com/album/2dWhGxwCOtruhYXuT84cJ8?si=G1S_ccdtTkCEt3mJD4-91A

Apple Music; https://music.apple.com/tr/album/yerinde-dru-single/1822502734?l=tr




Sözler;

Yerinde dur, o seni bulur ya
Biri olur, ellerin olur ya

Cadde de tur, nasıl unutur ya?
Konuş otur, eller avutur ya

Vay vay vay 
Demet ablam hoşgeldin
Otur be şöyle
Gucci takımlar şekilsin öyle
Kıyakmış ablam, bana da söyle

Reggeaton rap pop ya da rock
Yaptım hepsini sizden uzak
Kuruldu kankam kurdu tuzak
Daha kaz gelecek, lan sen ne salaksın

Benim daha iyi, sevin bari
Gökçeada’ya gel verim daireyi
“Gül Pansiyon” da evim gari
Alamadım hala bi Ferrari

Sen sen sen sen yedin naneyi
Nolcak nolcak evin hali
Dönmüş bir ton film dahi
Ayarladım 5 filinta iyiiii


Yerinde dur, o seni bulur ya
Biri olur, ellerin olur ya

Cadde de tur, nasıl unutur ya?
Konuş otur, eller avutur ya

Sormadım şimdi kimle nerde
Bi’ şey duymadım ve görmedim
Onu utandıran bu cümlelerde
Gözleri kısılıyo gözleri

Özledim ben seni özledim
Bir minik tuttu sözleri
Yazdı tam kalbin üstüne
Sar beni sar sana göstereyim


Yerinde dur, o seni bulur ya
Biri olur, ellerin olur ya

Cadde de tur, nasıl unutur ya?
Konuş otur, eller avutur ya

https://sefodemetakalin.lnk.to/YerindeDru",Turkish pop music
YqNqw4o-JBY,Emrah Karaduman feat. Murat Dalkılıç - Kırk Yılda Bir Gibisin,netd müzik,2015-06-18T09:52:57Z,https://www.youtube.com/watch?v=YqNqw4o-JBY,259863430,608004,17901,"Emrah Karaduman'ın, DMC etiketiyle yayınlanan ""Toz Duman"" albümünde yer alan ve Murat Dalkılıç'ın seslendirdiği ""Kırk Yılda Bir Gibisin"" isimli şarkısı, video klibiyle netd müzik'te.

Klibi Türkçe ve İngilizce altyazısıyla izleyebilir, şarkıya eşlik edebilirsiniz!
Now with Turkish and English subtitles, you can watch and sing along with this music video!

“Kırk Yılda Bir Gibisin” şarkı sözleri ile

Bu saatten sonra fark etmez
Doğrusu yordamıyla çözeriz biz artık
Geçmişindeki hikaye beni üzmez
Nasılsa yenisini yazıyoruz artık

Gözümün önünde bin bir gece masalları
İnandığım aşk var ki devirmez mi dağları
Sen yaz yeter ki akılda kalanları
Tamamlarız eksiğini gediğini ayrı ayrı

Ve her şeye tepki diye dünyaya gelmişsin
Nasıl zarafet Allah’ım çok güzelsin
Biraz kusur be bari olan var olmayan var
Ayarı yok harbi, kırk yılda bir gibisin

netd müzik, Facebook'ta, http://bit.ly/ndm-facebook
aynı zamanda Twitter'da, http://bit.ly/ndm-twitter
bir de Instagram'da! http://bit.ly/ndm-insta
Peki YouTube kanalımıza abone oldunuz mu? http://bit.ly/2d8ihWS",Turkish pop music
bES7yYUZSkU,Aşka Yürek Gerek,Mustafa Sandal - Topic,2025-03-24T18:02:58Z,https://www.youtube.com/watch?v=bES7yYUZSkU,29547538,61698,132,"Provided to YouTube by The Orchard Enterprises

Aşka Yürek Gerek · Mustafa Sandal · Phoebus Tassopoulos · Sibel Alaş

Aşka Yürek Gerek

℗ 2013 Poll Production

Released on: 2013-01-22

Producer: Polat Yağcı
Music Publisher: Poll Production

Auto-generated by YouTube.",Turkish pop music
4gJNs5nTH0k,Turkish old Gallipoli Folk Song (Turkish Song) Çanakkale Türküsü,Tamil Taklamakan,2012-07-11T20:46:57Z,https://www.youtube.com/watch?v=4gJNs5nTH0k,1057710,14943,3059,"The Gallipoli Campaign, also known as the Dardanelles Campaign or the Battle of Gallipoli or the Battle of Çanakkale (Turkish: Çanakkale Savaşı),[7][8][9][10][11][12] took place at the peninsula of Gallipoli in the Ottoman Empire (now Gelibolu in modern day Turkey) between 25 April 1915 and 9 January 1916, during the First World War. A joint British and French operation was mounted to capture the Ottoman capital of Istanbul (then still referred to as 'Constantinople' by Western nations) and secure a sea route to Russia.[13] The attempt failed, with heavy casualties on both sides. The campaign was considered one of the greatest victories of the Turks and was reflected on as a major failure by the Allies.

The Gallipoli campaign resonated profoundly among all nations involved. In Turkey, the battle is perceived as a defining moment in the history of the Turkish people—a final surge in the defence of the motherland as the aging Ottoman Empire was crumbling. The struggle laid the grounds for the Turkish War of Independence and the foundation of the Republic of Turkey eight years later under Mustafa Kemal Atatürk, himself a commander at Gallipoli.

The campaign was the first major battle undertaken by the Australian and New Zealand Army Corps (ANZAC), and is often considered to mark the birth of national consciousness in both of these countries.[14][15] [16] Anzac Day, 25 April, remains the most significant commemoration of military casualties and veterans in Australia and New Zealand, surpassing Armistice Day/Remembrance Day.

The Allies were keen to open an effective supply route to Russia: efforts on the Eastern Front relieved pressure on the Western Front. Germany and Austria-Hungary blocked Russia's land trade routes to Europe, while no easy sea route existed. The White Sea in the north and the Sea of Okhotsk in the Far East were distant from the Eastern Front and often icebound. The Baltic Sea was blocked by the German Kaiserliche Marine. The Black Sea's only entrance was through the Dardanelles and the Bosporus, which were controlled by the Ottoman Empire. When the Ottoman Empire joined the Central Powers in October 1914, Russia could no longer be supplied from the Mediterranean Sea.

By late 1914 to early 1915 the Western Front in France and Belgium had effectively become a stalemate. A new front was desperately needed.[citation needed] Also, the Allies hoped that an attack on the Ottomans would draw Bulgaria and Greece into the war on the Allied side. A first proposal to attack the Ottoman Empire had been made by the French Minister of Justice Aristide Briand in November 1914, but it was not supported. The British attempt to bribe the Ottoman Empire to join the Allied side was also not successful; their offer of £4 million was trumped by Germany's £5 million.[17]

Later in November 1914, First Lord of the Admiralty Winston Churchill put forward his first plans for a naval attack on the Dardanelles, based at least in part on what turned out to be erroneous reports regarding Ottoman troop strength. He reasoned that the Royal Navy had a large number of obsolete battleships which could not be used against the German High Seas Fleet in the North Sea, but which might well be made useful in another theatre. Initially, the attack was to be made by the Royal Navy alone, with only token forces from the army being required for routine occupation tasks.

First Sea Lord John Fisher opposed the campaign and instead preferred a direct naval landing on the north coast of Germany, but Churchill won the argument.[18]

The Ottoman victory over the Allies at Gallipoli renewed Turkey's visions for the empire.[citation needed] In Mesopotamia the Turks surrounded a British expedition at Kut Al Amara, forcing their surrender in 1916. Ottoman reserves from southern Ottoman Syria were poised for deployment into the Sinai with the aim of capturing the Suez Canal, and driving the British from Egypt. However, the defeat at the Battle of Romani and lack of materials to complete the military railway necessary for such an operation marked the end of that ambition,[37] and for the remainder of the war the British were on the offensive in the Middle East.

After the evacuation, Allied troops reformed and regrouped in Egypt. The Anzacs underwent a major reorganisation; the infantry battalions were increased and transferred to the Western Front, the light horse were reunited with their horses and formed into mounted divisions for operations in the Sinai and Palestine. At the Battle of Beersheba they would finally achieve the decisive break-through victory that had eluded the Allies at Gallipoli.",Turkish folk song
ag0D16-y0to,Turkish Folk Song - Üsküdar'a Gider İken (Katibim),Folk Songs International,2021-03-15T14:40:55Z,https://www.youtube.com/watch?v=ag0D16-y0to,368043,4300,229,"●▬▬▬▬▬▬▬▬▬▬▬▬▬▬▬▬▬▬●

💕 Welcome to my Folk Songs Channel. 💕
💕 This channel includes songs of many countries. 💕
💕 If you want to subscribe, you can click this link: https://tr.link/kanal 💕
💕 Our Discord Channel: https://discord.gg/eVkGCCQ 💕
💕 Our Subreddit: https://www.reddit.com/r/folkurwa/ 💕

●▬▬▬▬▬▬▬▬▬▬▬▬▬▬▬▬▬▬●

💕 Thanks for listening 💕

●▬▬▬▬▬▬▬▬▬▬▬▬▬▬▬▬▬▬●

💕 Turkish Lyrics 💕

Üsküdar’a gider iken aldı da bir yağmur,
Kâtibimin setresi uzun eteği çamur.

Kâtip uykudan uyanmış gözleri mahmur.
 
Kâtip benim ben kâtibin el ne karışır,
Kâtibime kolalı da gömlek ne güzel yaraşır.
 
Üsküdar’a gider iken bir mendil buldum,
Mendilimin içine lokum doldurdum.
 
Kâtibimi arar iken yanımda buldum.
 
Kâtip benim ben kâtibin el ne karışır,
Kâtibime kolalı da gömlek ne güzel yaraşır.

💕 Turkish Lyrics 💕

●▬▬▬▬▬▬▬▬▬▬▬▬▬▬▬▬▬▬●

💕 English Lyrics 💕

While going to Üsküdar, rain started,
My scribes coat is long, his skirt is muddy.
 
The scribe has woken up from sleep, his eyes are cloudy.
 
The scribe is mine, I am his and strangers can't interfere,
Starched shirt looks nice to the scribe.
 
While going to Üsküdar, I found a handkerchief,
I put lokum (Turkish delight) into my handkerchief.
 
While I search for my scribe, I found him at my side.
 
The scribe is mine, I am his and strangers can't interfere,
Starched shirt looks nice to the scribe.

💕 English Lyrics 💕

●▬▬▬▬▬▬▬▬▬▬▬▬▬▬▬▬▬▬●

💕 Greek Lyrics 💕

Καθώς πήγαινα στο Ούσκουνταρ , άρχισε να βρέχει
Του γραφέα μου το παλτό είναι μακρύ , η ζακέτα του ήταν λασπωμένη
 
Ο γραφέας είχε ξυπνήσει από τον ύπνο , τα μάτια του ήταν θολά
 
Ο γραφέας είναι δικός μου , εγώ είμαι δικιά του και οι ξένοι δεν μπορούν να παρέμβουν.
Το κολλητό πουκάμισο φαίνεται ωραίο πάνω στον γραφέα
 
Καθώς πήγαινα στο Ούσκουνταρ , βρήκα ένα μαντήλι
έβαλα ένα λουκούμι μέσα στο μαντήλι
 
Καθώς έψαχνα για τον γραφέα μου , τον βρήκα στο πλευρό μου
 
Ο γραφέας είναι δικός μου , εγώ είμαι δικιά του και οι ξένοι δεν μπορούν να παρέμβουν.
Το κολλητό πουκάμισο φαίνεται ωραίο πάνω στον γραφέα

💕 Greek Lyrics 💕

●▬▬▬▬▬▬▬▬▬▬▬▬▬▬▬▬▬▬●

💕 Arabic Lyrics 💕

ذهاباً إلى اوسكودار والمطر يغسلنا
وحافات رداء الكاتب الطويلة تكتسي بالطين
 
مخمورةٌ أعين الكاتب الصاحية من النوم
 
الكاتب لي وأنا له فما شأن الآخرين؟
وكم يليق به القميص المنشى!
 
عند الذهاب الى اوسكودار وجدت منديلاً
فوضعت بمنديلي قطعة حلوى (لقم)
 
عند البحث عن كاتبي وجدته بجانبي
 
الكاتب لي وأنا له فما شأن الآخرين؟
وكم يليق به القميص المنشى!

💕 Arabic Lyrics 💕

●▬▬▬▬▬▬▬▬▬▬▬▬▬▬▬▬▬▬●

💕 Korean Lyrics 💕

위스퀴다르 가는 길에 비가 내리네,
내 서기의 긴 외투자락이 흙탕물에 끌리네.
 
서기가 잠에서 덜 깨어 눈이 감겼네,
 
서기와 나, 서로 손을 섞네,
서기의 풀 먹인 셔츠도 얼마나 잘 어울리는지.
 
위스퀴다르 가는 길에 손수건 하나를 찾았네,
손수건 안에 또 로쿰을 담았다네.
 
내 서기를 찾으니 내 곁에 있었네.
 
서기와 나, 서로 손을 섞네,
서기의 풀 먹인 셔츠도 얼마나 잘 어울리는지.

💕 Korean Lyrics 💕

●▬▬▬▬▬▬▬▬▬▬▬▬▬▬▬▬▬▬●

💕 German Lyrics 💕

Auf dem Weg nach Üsküdar fing es an zu regnen,
die Jacke meines Schreibers ist lang, sein Gewand ist verschmutzt
 
Der Schreiber ist aus seinem Schlaf erwacht, seine Augen schauen schläfrig
 
Der Schreiber ist meiner, ich sein, wem geht das was an
Wie gut meinem Schreiber sein Hemd mit festem Kragen steht.
 
Auf dem Weg nach Üsküdar fand ich ein (Stoff)Taschentuch,
Ich legte einen Lokum in das Taschentuch.
 
Auf der Suche nach meinem Schreiber fand ich ihn neben mir.
 
Der Schreiber ist meiner, ich sein, wem geht das was an
Wie gut meinem Schreiber sein Hemd mit festem Kragen steht.

💕 German Lyrics 💕

●▬▬▬▬▬▬▬▬▬▬▬▬▬▬▬▬▬▬●

💕 Romanian Lyrics 💕

Când mergeam la Üsküdar, a venit o ploaie,
Haina calemgiului */ scribului meu e lungă, poalele ei sunt noroioase.
 
Scribul s-a trezit din somn, privirea lui e mahmură / somnoroasă**
 
Scribul e al meu, eu sunt a lui, străinii nu se amestecă,
A scribului meu cămașă apretată ce frumos îi vine!
 
Când mergeam la Üsküdar, am găsit o batistă,
Batista mea, cu rahat turcesc am umplut-o doldora.
 
Când îl căutam pe scribul meu, l-am găsit aături de mine.
 
Scribul e al meu, eu sunt a lui, străinii nu se amestecă,
A scribului meu cămașă apretată ce frumos îi vine!

💕 Romanian Lyrics 💕

●▬▬▬▬▬▬▬▬▬▬▬▬▬▬▬▬▬▬●

💕 Russian Lyrics 💕

По дороге в Ускюдар начался дождь.
Форма моего писаря длинная, ее полы забрызганы грязью.
 
Писарь проснулся, его глаза сонные.
 
Писарь мой, а я его - кто вмешается?
Накрахмаленная рубашка так идет моему писарю!
 
По дороге в Ускюдар я нашла платок,
В платок завернула рахат-лукум.
 
Разыскивая писаря, я нашла его около меня.
 
Писарь мой, а я его - кто вмешается?
Накрахмаленная рубашка так идет моему писарю.

💕 Russian Lyrics 💕

#folksongs",Turkish folk song
9oZIOfx87Ww,Bulut Gelir (Türkiye) | Ethno Catalonia 2023,Ethno Catalonia,2024-04-26T15:16:59Z,https://www.youtube.com/watch?v=9oZIOfx87Ww,2709254,28203,1350,"Title: Bulut Gelir
Performed by: EthnoCatalonia Orchestra
Composer: Traditional (Türkiye)
Main singer: Ceren Kaçar
Main instrumentalist: Abdil Ozan Demir (kaval)
Arrangement: Seyyah
Artistic mentorship: Pau Baigès, Havard Enstad, Juan de la Fuente and Ana Conceição
Director: Pau Baiges 

Performed by 30 young musicians from 24 countries at the final concert of Ethno Catalonia 2023 
Music Camp/Festival in Banyoles (Catalonia), organized by Joventuts Musicals de Banyoles.

Ethno Catalonia is an International Summer Music Camp for young musicians, with a great passion for Traditional/Folk/World music. In just one week, participants  from all over the world teach each other songs from their own cultures, building in site a common repertoire and working on the arrangements before a three day tour across Catalonia. Both the orchestra, the repertoire and the performances are unique and unrepeatable, as the members of the orchestra change in each edition.

Ethno Catalonia is part of a global family, Ethno World, currently present in 43 countries, created by Jeunesses Musicales International in 1990. Dialogue, tolerance and understanding are essential values not only within the Ethno World, but also in the relationship with local communities.

For more info and applications please visit www.ethno.cat


ETHNOCATALONIA 2023 Orchestra 

MUSICIANS:

José Pedro Campos Costa Lima (guitar)
Ana Conceição: Voice
Abdil Ozan Demir (zurna, kabal, sipsi)
Maria Mercedes Docampo (voice, charango)
Koré Dutry (flute)
Håvard Enstad (cello)
Juan de la Fuente (percussion)
Hakim Guetta (violin)
Ena Hadžiomerović (voice, clarinet)
Lies Hendrix (accordion)
Adèle Hubaux (cello) 
Ceren Kaçar (voice)
Zofie Kasparova (bass)
Hendrik Lantin (guitar)
Inês Lapa (voice, violin)
Jordi Marquès Feliu (violin)
Cristina Martínez (accordion)
Francesco Mazzoleni (vibraphone)
Dorottya Máté (voice)
L Vin Mazumdar (voice)
Jorge Luis Ovalle Lopez (percussion) 
Laura Maria Rinta (voice)
Benjamin Ordonez (guitar)
Venkatesh Shenoy Kadandale (flute)
Maia Steinberg (voice)
Candela Tur Soriano (violin)
Sara Tur Soriano (violin)
Benoit Verbeiren (clarinet, bagpipe)
Sigurd Watt (accordion)

Produced by: Joventuts Musicals de Banyoles
Audio recorded and Masterized by: Abdon Compta (Estudis Santa Pau)
Video recorded and edited by: Álvaro Ciudad Lorenzo
Executive production and coordination: Christian Betanzos",Turkish folk song
Z4fKe_EGw7k,ER TURAN / TÜRKÇE,TURAN ethno-folk ensemble,2021-02-23T18:00:14Z,https://www.youtube.com/watch?v=Z4fKe_EGw7k,28504097,285467,16695,"""ТҰРАН"" ансамблінің Түркі әлемінің ұранына айналған әйгілі ""ERTURAN"" композициясы түрік тілінде... 

Авторы:Тұран
Сөзі: И.Сапарбай

Түрік тіліне аударғандар: Р.  Буркаш
Н.  Кенжегулов,  М. Толегенов,  Suleyman Aydin

Досжан Табылды - ""Астана опера"" мемлекеттік опера және балет театрының солисі, ҚР Мәдениет қайраткері

Видео оператор, видеомонтаж:  Халел Жандос @Zhandos Khalel
Дыбыс режиссері: Сергей Лобанов

#turan#erturan#ensembleturan#Kazakhstan#Turkey#ethnofolk

“TURAN ” müzik grubunun çaldığı Türkü dünyasının marşı olan ünlü “ERTURAN” parçası Türk dilinde...

Eseri ortaya koyan: TURAN grubu
Şarkı sözü: İ. Saparbay

Türk diline çeviren: R.Burkaş; N.Kenjegulov; M. Tölegenov; S.Aydin

Dojan Tabyldy-Devlet Opera ve Bale Tiyatrosu"" Astana Operası"" nın solisti, rk kültür figürü

Kameraman: Halel Jandos @Zhandos Khalel
Ses rejisörü: Sergey Lobanov

#turan#erturan#turik#ensembleturan#Kazakhstan#Turkey#ethnofolk",Turkish folk song
mbY17Lr_wu4,Folk music from Turkey - Üsküdara,Arany Zoltán,2009-06-04T09:49:02Z,https://www.youtube.com/watch?v=mbY17Lr_wu4,1038726,11566,762,"#turkish #folkmusic #aranyzoltan
https://www.facebook.com/Arany-Zolt%C3%A1n-Music-274856225999515/
http://aranyzoltan.hu/",Turkish folk song
Ov2SmWd_SWg,Instrumental Turkish Music | Kanun & Guitar -1 ♫ ᴴᴰ,Güncel Paylaşımlar TV,2020-11-12T12:00:10Z,https://www.youtube.com/watch?v=Ov2SmWd_SWg,14830662,116205,2647,"𝗬𝗘𝗡𝗶! (Sound of Kanun)
https://youtu.be/0wr-bCtgHsQ

Enjoy 1 hours of relaxing Instrumental Turkish Music. You can use it for relax, sleeping, studying, etc. On this channel you can find a lot of peaceful, emotional, instrumental, new-age, ambient, lullaby, classical, soft, romantic, chillout, gentle, positive and sad, soothing background music and relaxing nature sounds & noises (birds sounds, water noises, fire crackling, etc). It can be used for deep relaxation, sleep, study, reading, working, meditation, concentration, spa, stress relief, yoga, therapy, healing, zen. Listen it to relax your mind and yourself.

➤ Subscribe Our Channel: https://goo.gl/hu5hfq

➤ Listen on Spotify:
https://open.spotify.com/album/1Us900UXgU74EW3v4djeGZ?si=C5fTvOeQRtGRO0TKb3jhkw

➤ Spotify Playlist (Enstrümantal Fon Müzikleri)
https://open.spotify.com/playlist/0RBwlI6hP97I0oHxCP2GUj?si=c8c467ebc5f54b75

Album Project: Kemal Faruk
https://www.instagram.com/kemalfarukofficial
Kanun Player: Turgut Özüfler
https://www.instagram.com/turgutozufler

00:00 Beyaz Giyme
03:51 Bülbülüm Altın Kafeste
08:45 Bir Fırtına Tuttu Bizi
13:14 Gesi Bağları
16:47 Sarı Gelin
22:32 İki Keklik
27:03 Beyaz Giyme
30:54 Bülbülüm Altın Kafeste
35:48 Bir Fırtına Tuttu Bizi
40:16 Gesi Bağları
43:49 Sarı Gelin
49:34 İki Keklik
54:06 Beyaz Giyme
57:57 Bülbülüm Altın Kafeste
01:02:51 Bir Fırtına Tuttu Bizi
01:07:19 Gesi Bağları
01:10:52 Sarı Gelin
01:16:38 İki Keklik

#turkish #instrumental #music

Turkish Lounge Music, 
Lounge Music,
Turkish Relaxing Music,
Beautiful Sufi Lounge Music,
Beautiful Relaxing Oriental Lounge Music,
Oriental Chillout Lounge Music,
Instrumental Turkish Music,
Turkish Chillout Music,
Beautiful Turkish Instrumental Music,
Instrumental Relaxing Music,
Istanbul Dream,
Kanun,
Qanun,
Turkish Kanun,
Arab Kanun,
Kanun Resitali,
Turgut Özüfler,
Göksel Baktagir,
Aytaç Doğan,
Instrumental,
Enstrümantal,
Sakin Müzik,
relaxing music,
instrumental ottoman music,
classical instrumental,
music,
müzik,
relax,
chilling,
meditation,
fon müzikleri,",Turkish folk song
t3P9N6QJ1Lc,Turkish Folk Song - Ankara,Folk Songs International,2021-02-05T00:08:26Z,https://www.youtube.com/watch?v=t3P9N6QJ1Lc,94132,1476,107,"●▬▬▬▬▬▬▬▬▬▬▬▬▬▬▬▬▬▬●

💕 Welcome to my Folk Songs Channel. 💕
💕 This channel includes songs of many countries. 💕
💕 If you want to subscribe, you can click this link: https://tr.link/kanal 💕
💕 Our Discord Channel: https://discord.gg/eVkGCCQ 💕
💕 Our Subreddit: https://www.reddit.com/r/folkurwa/ 💕

●▬▬▬▬▬▬▬▬▬▬▬▬▬▬▬▬▬▬●

💕 Thanks for listening 💕
💕 TSK Armoni Mızıkası 💕

●▬▬▬▬▬▬▬▬▬▬▬▬▬▬▬▬▬▬●

💕 Turkish Lyrics 💕

Ankara, Ankara, güzel Ankara
Seni görmek ister her bahtı kara
Senden yardım umar her düşen dara
Yetersin onlara, güzel Ankara!

Ankara, Ankara, güzel Ankara
Seni görmek ister her bahtı kara
Senden yardım umar her düşen dara
Yetersin onlara, güzel Ankara!

Burcuna göz diken dik başlar, insin!
Türk gücü orada her gücü yensin
Yoktan var edilmiş ilk şehir sensin
Var olsun toprağın, taşın; Ankara!

Burcuna göz diken dik başlar, insin!
Türk gücü orada her gücü yensin
Yoktan var edilmiş ilk şehir sensin
Var olsun toprağın, taşın; Ankara!

💕 Turkish Lyrics 💕

●▬▬▬▬▬▬▬▬▬▬▬▬▬▬▬▬▬▬●

💕 English Lyrics 💕

Ankara, Ankara, beautiful Ankara
Whoever's misfortunate, they want to see you
You're where anyone who's in trouble seeks help
You are enough for them, beautiful Ankara!

Ankara, Ankara, beautiful Ankara
Whoever's misfortunate, they want to see you
You're where anyone who's in trouble seeks help
You are enough for them, beautiful Ankara!
 
May the arrogant heads eyeing your towers bow
May Turkish might defeat every hardship there
You're the first city that was created from nothing
With all your land, long live, Ankara!

May the arrogant heads eyeing your towers bow
May Turkish might defeat every hardship there
You're the first city that was created from nothing
With all your land, long live, Ankara!

💕 English Lyrics 💕

#folksongs",Turkish folk song
l41PpJiwAbo,ÜSKÜDAR'A GİDER İKEN - Katibim – Coşkulu Rum Taverna Yorumu | Turkish Greek Music,Müzik Tasarım,2026-02-05T16:52:12Z,https://www.youtube.com/watch?v=l41PpJiwAbo,250563,2132,180,"“One of the most beloved melodies of our musical heritage.”

Katibim (Üsküdar’a Gider İken), bu kez 1960’ların Rum taverna ruhuyla yeniden hayat buluyor. Coşkulu kadın vokal, ateşli buzuki geçişleri, keman süslemeleri ve darbuka ritimleriyle Akdeniz enerjisi yükselirken, aralarda gelen duygusal geçişler türkünün köküne sadık kalıyor.

Videoda paylaştığım eski İstanbul fotoğrafları, şarkının taşıdığı kültürel hafızayı görsel olarak tamamlıyor. Sokaklar, iskeleler, eski yüzler… Bir zamanların İstanbul’u ile Ege’nin taverna coşkusu aynı atmosferde buluşuyor.

Bu çalışma, Müzik Tasarım farkıyla hazırlanmıştır. Geleneksel ezgiyi bozmadan, güçlü düzenleme ve yüksek ses kalitesiyle modern stüdyo anlayışıyla sunuldu.

Keyifli dinlemeler.

👉 Siz de düşüncelerinizi yorumlarda bizimle paylaşın.
🔔 Yeni müzikler için abone olmayı unutmayın!

Yöre: İstanbul
Music: Müzik Tasarım
Fotoğraflar: Eski İstanbul


#cover #türkü #turkishmusic #türküler #anadolu #coversong #music #gitar #guitar #musiccover #piano #song #sanatmuzigi #müzik #music #herşeymüziktasarım #RetroMusic #60sVibes #Orchestra #VintageSound #greek #greekmusic #tavernmusic #taverna",Turkish folk song
Z8SK_IzAS4U,Ottoman Janissary Song: Küffar (English Lyrics),Kuzitonord,2022-11-24T19:59:13Z,https://www.youtube.com/watch?v=Z8SK_IzAS4U,2598050,41793,7726,"! Uploaded for educational purposes ! 

After the victory of Ottomans at 1596 Siege of Eger, Austrian and Ottoman armies clashed in Battle of Keresztes. Which resulted with Austrian Defeat. The song is satirizing Austrians about these events.",Turkish folk song
8RfVZkohnh8,Best Turkish Folk Songs | Traditional Music #1,Folk Anatolia,2017-12-13T02:23:18Z,https://www.youtube.com/watch?v=8RfVZkohnh8,416559,3934,513,"#folkmusic #traditional #turkish

➡️ Subscribe to my YouTube Channel:
https://www.youtube.com/channel/UC3y7U3PLdpHO3HFItYjV5AA?sub_confirmation=1

Best Turkish Folk Songs | Traditional Music #1

➡️ Turkish Folk Music Compilations Playlist:
https://www.youtube.com/playlist?list=PLxayW-ji_5mcu314VWDnn4ZrqVaPbkYik

➡️ Don't Forget to like, comment, share and subscribe to my channel!

Tracklist:
0:00  Ay Doğar Aşmak İster  (Aegean-Mediterranean/Isparta)
3:15  Başındaki Yazmayı da Sarıya mı Boyadın (Central Anatolian/Tokat)
5:31  Sine Üstünde Çiçek/Şu Dirmil'in Sipsileri Gamıştan/Yazın Olsun Güzün Olsun (Aegean-Mediterranean/Burdur)
8:32  Ali'm Gitme Pazara (Central Anatolian/Ankara)
11:44  Yürü Güzel Yürü Saçın Sürünsün (Central Anatolian/Kırşehir)
15:09  Aç Kapıyı Ben Geldim (Western Black Sea/Karabük)
19:50  Hey Buğdayım Buğdayım (Aegean-Mediterranean/Manisa)
22:48  Sıra Sıra Testiler  (Aegean-Mediterranean/Manisa)
26:28  Ben Yemenimi Al İsterim (Aegean-Mediterranean/Bursa)
29:57  Dereler Gölgelendi (Central Anatolian/Tokat)
35:29  Elma Attım Yuvarlandı (Western Black Sea/Bolu)
39:59  Yatma Yeşil Çimene  (Aegean-Mediterranean/Çanakkale)
43:01  Çay Başında Çırpınıyor Baykuşlar  (Aegean-Mediterranean/Uşak)
45:54  Evlerinin Önü Dumanlı Dayler  (Aegean-Mediterranean/Bilecik)
50:02 Oy Benim Beşikdüzü'm  (Eastern Black Sea/Trabzon)
53:44 Ovalar Ovalar Engin Ovalar/Yayla Yollarında Kaldım Yalnız/Antalya'nın Mor Üzümü/Desti İçinde Bekmez (Aegean-Mediterranean)
57:51  Sallama  (Eastern Black Sea/Trabzon)



#turkishmusic #turkishfolkmusic #folkmusic #traditionalmusic #turkish #folksongs #turkishfolksongs #türküler #traditional #relaxingmusic",Turkish folk song
