video_id,song_title,channel_title,published_at,youtube_url,view_count,like_count,comment_count,search_query,description_preview,manual_valid,language_verified,is_music_video,ai_suno_related,channel_type,genre_style,manual_theme,review_notes
7PxtpPGOmyI,Michael Jackson - Smooth Criminal | Arabesk Versiyon 🔥 (Turkish Arabesque Version) | AI Cover,Ya Böyle Olsaydı?,2026-02-16T14:48:56Z,https://www.youtube.com/watch?v=7PxtpPGOmyI,129871,3278,328,Turkish AI generated song,"Michael Jackson İstanbul'da yaşasaydı ve bir arabesk sanatçısı olsaydı nasıl olurdu? 🇹🇷 ""Ya Böyle Olsaydı?"" serimizde ef",yes,yes,yes,yes,AI cover channel,Arabesk,,
aaJHbNEj8Bc,Kesik Çayır Biçilir mi? | Turkish Skytrip AI Music | Anatolian Folk Mix,BEN CAN,2025-11-09T17:13:30Z,https://www.youtube.com/watch?v=aaJHbNEj8Bc,956,9,0,Turkish AI generated song,🎶 Kesik Çayır Biçilir mi? – AI Cover 🎶 Bu videoda halk müziğimizin unutulmaz eseri “Kesik Çayır Biçilir mi?” yapay zekâ,yes,yes,yes,yes,AI music channel,Anatolian folk,,
R_dn1T2F4Xc,Vay Canım Vay - Müslüm Gürses Anısına - Anatolian Rock&Psyhdelic Arabesk Ai Cover,Anadolucovers,2025-12-27T18:00:23Z,https://www.youtube.com/watch?v=R_dn1T2F4Xc,1873135,8300,414,Turkish AI generated song,"https://open.spotify.com/intl-tr/track/1Oo96ws9oOtXKO2ZQc2hM7?si=e1cbba3f2d17434e Sevgili Dostlar, Bu cover bir sitemin,",yes,yes,yes,yes,AI cover channel,Arabesk / Anatolian Rock / Psychedelic,,AI cover of an existing Turkish song; not Suno-specific
fyGVWv60iYU,AI Kızdan Türkçe Şarkı: “Rüyaların İzinde” | You’ve Never Heard This Before! 😲,MirPulse,2025-07-22T10:25:56Z,https://www.youtube.com/watch?v=fyGVWv60iYU,1721,2,1,Turkish AI generated song,AI Kızdan Türkçe Şarkı: “Rüyaların İzinde” | You’ve Never Heard This Before! 😲 🎵 Rüyaların İzinde (In the Wake of Dreams,yes,yes,yes,yes,AI music channel,Dream pop / pop,,
uXSwoddI-XI,Aramam - İbrahim Tatlıses AI (Cover),MeloDiary,2026-01-05T21:34:54Z,https://www.youtube.com/watch?v=uXSwoddI-XI,205274,1009,58,Turkish AI generated song,Dostlar Merhaba ! Yapay zeka kullanarak geçmişten günümüze yüreklerimize dokunan eserleri sizlerle farklı tarzlarda bulu,yes,yes,yes,yes,AI cover channel,Anatolian Rock / Psychedelic Rock,,
QjgXoBRzcjQ,Şimdi Uzaklardasın | Musica De Anatolia - Psychedelic Rock Version,Musica De Anatolia,2025-11-21T11:54:51Z,https://www.youtube.com/watch?v=QjgXoBRzcjQ,14837943,21167,485,Turkish AI generated song,Experience a soulful journey through the echoes of separation and the infinite depth of longing. Let this melody transpo,yes,yes,yes,no,Music reinterpretation channel,Anatolian Rock / Psychedelic Rock,,Style reinterpretation; no explicit AI indication
JeFeXntjxQI,New Turkish Viral Song 2026 🎵 | AI Music Sensation |Viral Turkish Music 2026 |,Desert Trance,2026-01-14T15:23:35Z,https://www.youtube.com/watch?v=JeFeXntjxQI,2367,20,30,Turkish AI generated song,"Experience the beauty of Turkish music with this AI generated song.A fresh vibe, deep emotions, and modern sound.Subscri",yes,yes,yes,yes,AI music channel,Turkish pop,,
FaxOfnJk5nQ,İçimde Tutamam,Music Ai Turkish - Topic,2025-10-25T15:54:40Z,https://www.youtube.com/watch?v=FaxOfnJk5nQ,29592,67,7,Turkish AI generated song,Provided to YouTube by DistroKid İçimde Tutamam · Music Ai Turkish · Music Ai Turkish · Mat Prodüksiyon İçimde Tutamam ℗,yes,yes,yes,yes,AI music channel,Pop,,
lQBkTdpqkwg,Turkish Afro House 2026 🌙 | Deep Turkish Afro House Set & Vibes & Mix | Vol. 2,Unfiltered Bass,2026-05-11T18:00:44Z,https://www.youtube.com/watch?v=lQBkTdpqkwg,1118080,15526,483,Turkish AI generated song,🔥 TURKISH AFRO HOUSE 2026 🇹🇷🌍 The perfect fusion of deep Afro rhythms and Turkish vibes you’ve never heard before… Feel,no,unsure,yes,no,DJ / mix channel,Afro House / Deep House,,DJ mix; exclude from song-level sample
ebhLL3rZOso,"Psychedelic Turkish Trip Hop [Full AI Album] | you've worked all day, now you can chill...",Gentle Singularity Records,2025-07-07T13:56:03Z,https://www.youtube.com/watch?v=ebhLL3rZOso,59083,2025,101,Turkish AI generated song,"Fellow AI enthusiast, music lover or creative? Get my FREE step-by-step guide on making your own AI music video: https:/",yes,yes,yes,yes,AI music channel,Psychedelic Trip Hop,,
WlEN-2jrI6U,SUNO AI V5 VE SUNO STUDIO NASIL KULLANILIR. ROMAN HAVASI BÖLÜM 3,Bora Uzen,2025-10-29T17:00:50Z,https://www.youtube.com/watch?v=WlEN-2jrI6U,59495,1085,298,Turkish Suno song,"Suno AI Studio nasıl kullanılır? Yapay zekayla Roman Havası yapmayı, kendi sesini eklemeyi öğren! Bu bölümde Trakya & Ro",,,,,,,,
1JfImQg7RE0,YAPAY ZEKAYLA DEV ORKESTRA KURULUR MU? (Suno AI Müzik) 🎸🤖🎻,Bora Uzen,2025-09-19T17:00:28Z,https://www.youtube.com/watch?v=1JfImQg7RE0,79035,2450,434,Turkish Suno song,Suno V5 İncelemesi ve Ankara havaları : https://youtu.be/frVzaKSaK6E Herkese selamlar! 🚀 Yepyeni ve çılgın bir deneye ha,,,,,,,,
Ftauv1kJa1E,SUNO ŞARKILARINI KENDİ SESİNLE OKUT! (Adım Adım Rehber),Bora Uzen,2025-11-25T18:00:26Z,https://www.youtube.com/watch?v=Ftauv1kJa1E,157523,4541,986,Turkish Suno song,"Suno AI ile yaptığınız şarkılara, Audime kullanarak adım adım kendi sesinizi nasıl ekleyeceğinizi (voice cloning) anlatı",,,,,,,,
veqB3z1495A,Best 3 Dramatic Turkish Songs Ever By AI Suno V4.5 | SoundSurge,SoundSurge,2026-01-22T21:52:22Z,https://www.youtube.com/watch?v=veqB3z1495A,285,3,0,Turkish Suno song,Welcome at SoundSurge Your Gate To Dramatic To Cultural Turkish Songs Here is Best 3 Dramatic Turkish Songs Ever By AI S,,,,,,,,
Zl3SBJ4yrHg,Nereye gideyim❤️‍🩹 @suno @netdmuzik #youtube #music #youtubevideos #turkey #sunoai #suno #sunomusic,Boburbek Atajanov,2026-05-04T19:43:12Z,https://www.youtube.com/watch?v=Zl3SBJ4yrHg,277,1,0,Turkish Suno song,#music #song #sunoai #youtube #youtubevideos #turkey #türkçe #sunomusic#youtuber #suno #müzik #nereyegideyim #youtubevid,,,,,,,,
JUsujSKzZCA,Suno AI ile 1 Dakikada Şarkı Üret! – Adım Adım Türkçe Rehber,Hasan Ersoy,2025-11-30T20:57:40Z,https://www.youtube.com/watch?v=JUsujSKzZCA,1374,26,3,Turkish Suno song,Suno AI ile dakikalar içinde profesyonel bir şarkı nasıl yapılır? Bu videoda adım adım gösteriyorum: prompt yazımı ➤ vok,,,,,,,,
gKw3q0zxTJs,SUNO AI KULLANANLAR DİKKAT! ⚠️ Suno AI 2026 Yeni Kullanım Şartları,Bora Uzen,2026-01-13T16:30:31Z,https://www.youtube.com/watch?v=gKw3q0zxTJs,36858,1256,608,Turkish Suno song,"Dedeler merhaba! 2026 yılına hızlı bir giriş yaptık. Bugün, hepimizin severek kullandığı Suno AI'nın o ""okumadan kabul e",,,,,,,,
0hzEiLsVuWI,Best 4 Energetic Dancable Happy Turkish Songs Ever By AI Suno | SoundSurge,SoundSurge,2026-01-23T09:52:34Z,https://www.youtube.com/watch?v=0hzEiLsVuWI,813,3,0,Turkish Suno song,Welcome at SoundSurge Your Gate To Dramatic To Cultural Turkish Songs Here is Best 4 Energetic Dancable Happy Turkish So,,,,,,,,
E2rPfSY1gEY,Gidenler Oldu – Duygusal Türkçe Şarkı |Suno AI Akustik Parça,YÜZ (YAPAY ÜSTÜN ZEKA),2025-04-18T20:45:09Z,https://www.youtube.com/watch?v=E2rPfSY1gEY,188,0,0,Turkish Suno song,"yapay zeka duygusal şarkı , Suno AI şarkı, Türkçe indie müzik, duygusal akustik şarkı, ayrılık şarkısı, Türkçe sözler, l",,,,,,,,
NbzvqtN9rHM,GÖLGE GİBİ (Like A Shadow) Original Turkish Song | Suno AI Music | Özgün Yapay Zeka Müzik,O Kim?,2026-02-20T15:20:00Z,https://www.youtube.com/watch?v=NbzvqtN9rHM,578,5,0,Turkish Suno song,"🇺🇸 ENGLISH O Kim? Presents: Gölge Gibi – Original Traditional Song ""Gölge Gibi"" (Like a Shadow) is a deeply personal ori",,,,,,,,
MeBpW36gZ44,Suno AI Nasıl Kullanılır?Yapay Zeka ile Şarkı Yapma Rehberi (Tatlises Örneği),BasitYZ,2025-11-30T14:32:31Z,https://www.youtube.com/watch?v=MeBpW36gZ44,3002,60,23,Suno Türkçe şarkı,Bu videoda Suno AI nasıl kullanılır ve Suno Studio ile sıfırdan kendi şarkını yap yöntemlerini inceliyoruz. Yapay zeka m,,,,,,,,
BZ8iJHmzty4,Suno AI Gelişmiş Komutlar 🎵 | Profesyonel Müzik Üretmenin Sırları (Prompt Rehberi),Yapay Zeka Akademisi,2025-12-16T20:15:01Z,https://www.youtube.com/watch?v=BZ8iJHmzty4,16747,681,117,Suno Türkçe şarkı,"Bu videoda Suno AI ile müzik üretirken kaliteyi doğrudan etkileyen gelişmiş komutları paylaştım. Vokal davranışları, arm",,,,,,,,
5uD7cB6InRY,SESİNİ KAYDEDEREK PROFESYONEL ŞARKI YAP! | Suno AI | TechWaldo Bölüm 2 | Kanal Şarkımı Nasıl Yaptım,Aziz Waldo,2025-07-28T09:30:03Z,https://www.youtube.com/watch?v=5uD7cB6InRY,55033,371,94,Suno Türkçe şarkı,"Merhaba gençler! TechWaldo 2. Bölümde, SUNO AI inceleyeceğiz. Bu yapay zekayla bana canlı yayınlarda hep sorulan ""Youtub",,,,,,,,
f64HMt9DP7g,"Yapay Zeka ile Şarkı Müzik Yapma , Suno ai nasıl kullanılır?",Apsis Eğitim,2026-01-17T10:56:03Z,https://www.youtube.com/watch?v=f64HMt9DP7g,277,3,0,Suno Türkçe şarkı,"Yapay zeka kullanarak şarkı müzik yapımı çok arttı peki biz suno ai ile nasıl şarkı yapılır, nasıl kullanır konularını d",,,,,,,,
yBQTu-72iQ4,“Suno Bitti Demiyorum Ama… Eita Çok Fena!”,Mustafa İNCE,2025-11-27T12:39:57Z,https://www.youtube.com/watch?v=yBQTu-72iQ4,29331,1066,734,Suno Türkçe şarkı,EİTA WEB SİTESİ : https://eita.tr/ Yıllardır Suno kullanıyorum ama özellikle Türkçe projelerde hep bir eksik hissettim.,,,,,,,,
Dgo8bMwxxms,Suno AI’ye Kendi Şarkımı 3 Şekilde Verdim! Bakın Neler ÜRETTİ!,alikopat,2025-10-26T17:00:20Z,https://www.youtube.com/watch?v=Dgo8bMwxxms,14369,201,111,Suno Türkçe şarkı,"Suno AI'ye kendi şarkımı verdim ama bir farkla! Acaba yapay zeka, bir şarkıyı sadece mırıltımdan tanıyabilir mi? Ya da u",,,,,,,,
Sv37kx37PvQ,Nikbinler - Eylülzede | 70s Psychedelic Anatolian Rock,Anatolian Psych Rock Lab,2025-09-25T12:52:18Z,https://www.youtube.com/watch?v=Sv37kx37PvQ,46746205,238107,13403,yapay zeka Türkçe şarkı,"Merhaba sevgili dostlar. Serkan Selay beyefendinin bizlere ulaşması sonucunda, bugün tam bir kolektif çalışmayla ortaya ",,,,,,,,
zsHXUAqfHKk,İçmeden Oy Oy - Fatih Bulut | Yapay Zeka AI Cover - Anatolia Live,Anatolia Live,2026-04-18T14:30:13Z,https://www.youtube.com/watch?v=zsHXUAqfHKk,1145766,2478,49,yapay zeka Türkçe şarkı,"Fatih Bulut’un efsaneleşen enerjik yorumuyla tanınan ""İçmeden Oy Oy"" türküsünü, en yeni yapay zeka teknolojilerini kulla",,,,,,,,
RVGyLcbyhOU,ihtiyacım Var ( Live Versiyon ) - ACIOĞLU-AI ( Offical Music ) 2026,Acıoğlu,2026-04-22T20:07:13Z,https://www.youtube.com/watch?v=RVGyLcbyhOU,28053816,121306,6228,yapay zeka Türkçe şarkı,"🎤 İhtiyacım Var (Live Konser Versiyonu) – Sahnedeki en gerçek duygu, en çıplak haliyle… Bu performans, bir şarkıdan çok ",,,,,,,,
tEb7nVKBoAc,En Çok Dinlenen 13 Türkü | Psychedelic Anatolian Rock Mix,Anatolian Waves,2026-04-13T05:30:33Z,https://www.youtube.com/watch?v=tEb7nVKBoAc,709727,2498,81,yapay zeka Türkçe şarkı,"Anadolu'nun kadim melodileri, modern ""Psychedelic Anatolian Rock"" tınılarıyla tek bir videoda buluşuyor. Anatolian Waves",,,,,,,,
ZGTzfs-UYyI,PADİŞAH (Sibel CAN Cover) – AI Cover | Musicihan Production (Hareketli / Enerjik),Musicihan Production,2026-04-18T19:41:38Z,https://www.youtube.com/watch?v=ZGTzfs-UYyI,776548,3093,81,yapay zeka Türkçe şarkı,"Türk pop müziğinin unutulmaz hitlerinden biri olan “Padişah”, söz ve müziği Serdar Ortaç’a ait olan ikonik bir eserdir. ",,,,,,,,
f3D54P4FwG0,Yaşlanırsın Yaşlanırsın | Psychedelic Anatolian Rock Cover,Anatolia Tunes,2025-11-12T18:56:23Z,https://www.youtube.com/watch?v=f3D54P4FwG0,7837961,17526,518,yapay zeka Türkçe şarkı,"🪔 Yaşlanırsın Yaşlanırsın Zamanın acı-tatlı gerçeğini dile getiren, gönüllerimize taht kurmuş efsane türkü ""Yaşlanırsın""",,,,,,,,
XpK2tI2G7LM,Seni Unutmaya Ömrüm Yeter mi – Efsane Şarkılar (2025),Remix Cover Şarkılar,2025-10-29T12:00:06Z,https://www.youtube.com/watch?v=XpK2tI2G7LM,20640101,41281,2057,yapay zeka Türkçe şarkı,"🎤 “Seni Unutmaya Ömrüm Yeter mi” – Bizim için sadece bir şarkı değil, bir iç sızısı, bir hatıra, bir iç çekiş... Bu vide",,,,,,,,
4LmO2QiY890,Best of Anadolu Remix – En İyiler | Psychedelic Anatolian Rock (Full Album),Anadolu Remix,2026-01-23T17:00:42Z,https://www.youtube.com/watch?v=4LmO2QiY890,1024496,4950,174,yapay zeka Türkçe şarkı,"Anadolu’nun kadim türküleri; özünden, hüznünden ve asil ruhundan zerre kopmadan, yüksek kaliteli Psychedelic Anatolian R",,,,,,,,
hNIwI-gNWn8,En Çok Dinlenen 11 Türkü 🎶 | AI Remix Psychedelic Anatolian Folk Rock Mix,Celil Durul Dursun,2026-05-06T07:20:28Z,https://www.youtube.com/watch?v=hNIwI-gNWn8,329822,1930,410,yapay zeka Türkçe şarkı,"Bu videoda, en çok dinlenen ve gönüllere dokunan 11 türküyü yapay zeka ile yeniden yorumladım. Elektro bağlama dokunuşla",,,,,,,,
BdyUm7SDqrc,İÇİMDE ÖLEN BİRİ (AHMET KAYA ROCK COVER),TRock Sounds - Topic,2026-04-29T10:03:06Z,https://www.youtube.com/watch?v=BdyUm7SDqrc,369757,1920,28,yapay zeka Türkçe şarkı,Provided to YouTube by DistroKid İÇİMDE ÖLEN BİRİ (AHMET KAYA ROCK COVER) · TRock Sounds · YAPAY ZEKA · SUNO YAPAY ZEKA,,,,,,,,
hQfhk3VH8tE,En Çok Dinlenen Şarkılar \ Türkçe Pop Remix Şarkılar 2025 HiTs 2025,Rafis Ceferzade,2025-06-19T14:00:06Z,https://www.youtube.com/watch?v=hQfhk3VH8tE,6004445,14351,199,Turkish pop music,Instagram : https://www.instagram.com/rafisceferzade/ Facebook ; https://az-az.facebook.com/RafisCeferzade/ TikTok : htt,,,,,,,,
Tb-zjsEqr1k,Tuğba Yurt - İnceden İnceden,netd müzik,2017-09-20T09:00:04Z,https://www.youtube.com/watch?v=Tb-zjsEqr1k,207359484,403242,13263,Turkish pop music,"Tuğba Yurt'un, DMC etiketiyle yayınlanan ""İnceden İnceden"" isimli tekli çalışması, video klibiyle netd müzik'te. Söz: Du",,,,,,,,
GR6r-jIryH0,Tefo & Seko Ft. Serdar Ortaç - Heyecan (Official Video),Poll Production,2025-07-30T16:30:07Z,https://www.youtube.com/watch?v=GR6r-jIryH0,60035427,120570,3138,Turkish pop music,Tefo & Seko Ft. Serdar Ortaç - Heyecan (Official Video) Abone OL( Subscribe): http://bit.ly/28R8iGZ Spotify: https://bit,,,,,,,,
_NoTqg152B0,"Sefo, Demet Akalın - Yerinde Dur (Official Video)",Sefo,2025-06-26T21:00:07Z,https://www.youtube.com/watch?v=_NoTqg152B0,312642189,751003,42243,Turkish pop music,Official Video by Sefo & Demet Akalın performing Yerinde Dur (C) 2025 3TR6AP2 exclusive licensed to Sony Music Turkey Sö,,,,,,,,
rYJjgfCfBOU,Sezen Aksu - Ey Aşk [Official Audio],Sezen Aksu,2025-06-26T21:01:03Z,https://www.youtube.com/watch?v=rYJjgfCfBOU,87698273,162081,7707,Turkish pop music,"Sezen Aksu - ""Paşa Gönül Şarkıları"" albümünü tüm platformlarda dinleyin: https://SezenAksu.lnk.to/PasaGonulSarkilari - S",,,,,,,,
YqNqw4o-JBY,Emrah Karaduman feat. Murat Dalkılıç - Kırk Yılda Bir Gibisin,netd müzik,2015-06-18T09:52:57Z,https://www.youtube.com/watch?v=YqNqw4o-JBY,259059861,607371,17898,Turkish pop music,"Emrah Karaduman'ın, DMC etiketiyle yayınlanan ""Toz Duman"" albümünde yer alan ve Murat Dalkılıç'ın seslendirdiği ""Kırk Yı",,,,,,,,
IcXsGn_iFUA,Türkçe Pop Müzik 2025 Mix 🎶 En Çok Dinlenen Pop Müzik 2024 ️️🎧 En Güzel Şarkılar 2025 🔊,Best Club Remix,2025-02-12T05:30:06Z,https://www.youtube.com/watch?v=IcXsGn_iFUA,2318040,4628,85,Turkish pop music,Türkçe Pop Müzik 2025 Mix 🎶 En Çok Dinlenen Pop Müzik 2024 ️️🎧 En Güzel Şarkılar 2025 🔊 #türkçepopremix #popşarkılar #re,,,,,,,,
icZ-OlVSvb4,Gülşen - Bangır Bangır,netd müzik,2015-04-28T17:48:30Z,https://www.youtube.com/watch?v=icZ-OlVSvb4,510019513,1238978,63491,Turkish pop music,"Gülşen'in, DMC etiketiyle yayınlanan ""Bangır Bangır"" albümünde yer alan ""Bangır Bangır"" isimli şarkısı, video klibiyle n",,,,,,,,
d6sIjUzQ0s0,🔥 Türkçe Pop 2026 | En Yeni EDM Dance Mix | Best Turkish Pop Hits,MoodWave,2026-01-09T12:01:18Z,https://www.youtube.com/watch?v=d6sIjUzQ0s0,3318,19,2,Turkish pop music,"🔥 Türkçe Pop Müzik 2026 | En Yeni EDM Dance Şarkıları | Best Turkish Pop 2026 Mix Hoş geldiniz! Bu video, 2026’in en çok",,,,,,,,
rSbQfaLCLtw,En İyi 2000'ler Türkçe Pop Şarkıları,AlparslanDakes,2024-04-06T14:15:15Z,https://www.youtube.com/watch?v=rSbQfaLCLtw,554947,1546,0,Turkish pop music,🔔 Kanalımıza abone olmak için tıklayınız! ⇙ Subscribe! https://www.youtube.com/channel/UCh4cc1YwTVZoE6NrRlK826w 🔔 Yeni ç,,,,,,,,
9oZIOfx87Ww,Bulut Gelir (Türkiye) | Ethno Catalonia 2023,Ethno Catalonia,2024-04-26T15:16:59Z,https://www.youtube.com/watch?v=9oZIOfx87Ww,2675152,27985,1346,Turkish folk song,Title: Bulut Gelir Performed by: EthnoCatalonia Orchestra Composer: Traditional (Türkiye) Main singer: Ceren Kaçar Main,,,,,,,,
mbY17Lr_wu4,Folk music from Turkey - Üsküdara,Arany Zoltán,2009-06-04T09:49:02Z,https://www.youtube.com/watch?v=mbY17Lr_wu4,1026575,11453,747,Turkish folk song,#turkish #folkmusic #aranyzoltan https://www.facebook.com/Arany-Zolt%C3%A1n-Music-274856225999515/ http://aranyzoltan.hu,,,,,,,,
ih9nX3KZVfU,"""Ceddin Deden"" - Traditional Turkish March [Lyrics]",blinmaster1945,2023-02-16T18:26:33Z,https://www.youtube.com/watch?v=ih9nX3KZVfU,578586,8112,611,Turkish folk song,"Ceddin Deden' is a popular and well-known Turkish and Ottoman march. We stand with Türkiye and Syria, all our prayers a",,,,,,,,
Z4fKe_EGw7k,ER TURAN / TÜRKÇE,TURAN ethno-folk ensemble,2021-02-23T18:00:14Z,https://www.youtube.com/watch?v=Z4fKe_EGw7k,28099697,283205,16621,Turkish folk song,"""ТҰРАН"" ансамблінің Түркі әлемінің ұранына айналған әйгілі ""ERTURAN"" композициясы түрік тілінде... Авторы:Тұран Сөзі: И.",,,,,,,,
cQKR_bcE2ug,Julia Kotova - Hey Gidi Dünya Hey - Turkish folk music,Julia Kotova,2022-09-27T10:21:35Z,https://www.youtube.com/watch?v=cQKR_bcE2ug,84934,1499,70,Turkish folk song,"Turkish folk song, folk music",,,,,,,,
IQWkS1GyFRM,Cengiz Özkan - Bir Ay Doğar İlk Akşamdan Geceden I Ah İstanbul © 2000 Kalan Müzik,Kalan Müzik,2013-10-28T16:35:20Z,https://www.youtube.com/watch?v=IQWkS1GyFRM,112147974,289842,5707,Turkish folk song,▶Şarkıyı Playlist'e Kaydetmek İçin: https://orcd.co/cengizozkanahistanbul Cengiz Özkan'ın tüm şarkıları burada: https://,,,,,,,,
CnyLI7pl9Ys,Turkey's Most Stereotypical Music,Victor Lopez,2021-06-15T20:21:22Z,https://www.youtube.com/watch?v=CnyLI7pl9Ys,639464,20207,1928,Turkish folk song,"Traditional Turkish Music. 🇹🇷 Remix made with REAPER, ""instrumental"" version of a song from the movie Gegen die Wand Ori",,,,,,,,
Ld0Q3RlDqQs,Turkish Folk Dances - HORON,Halk Eğitim Merkezi Yalova,2013-07-25T13:32:56Z,https://www.youtube.com/watch?v=Ld0Q3RlDqQs,3275261,26074,3130,Turkish folk song,Turkish Folk Dances - HORON,,,,,,,,
JIdHMjicLLQ,🎵 DİLDEN DİLE HAREKETLİ TÜRKÜLER | 🌾 Anadolu'nun En Kıpır Kıpır Ezgileri,TÜRKÜDEN ARABESKE,2026-07-10T07:00:31Z,https://www.youtube.com/watch?v=JIdHMjicLLQ,7793,44,0,Turkish folk song,"Anadolu'nun dört bir yanından gelen neşeli ezgilerle dolu bu özel seçkide, hareketli türkülerin en sevilen örnekleri siz",,,,,,,,
59gBtWq9Pb8,Turkish traditional dance video #turkishdance #shortsvideo #traditional #shorts #khandakohat #viral,Khan da Kohat,2023-11-02T15:18:22Z,https://www.youtube.com/watch?v=59gBtWq9Pb8,3426412,33140,750,Turkish folk song,,,,,,,,,