source,chart_date,rank,rank_change,artist,song,weeks_on_chart,peak_rank,peak_count,weekly_streams,weekly_streams_change,total_streams_on_chart,language_type_inferred,artist_origin_inferred,genre_inferred,genre_category,genre_category_label,classification_note
Kworb Spotify Weekly Chart - Vietnam,2026-06-11,1,=,Jung Kook,Seven (w/ Latto),152,1,x114,1975313,-246816,342590707,English / international or unknown,international / unknown,K-pop / pop,kpop_global,K-pop / global pop,Language/genre/origin are inferred labels for market research; verify manually for final decisions.
Kworb Spotify Weekly Chart - Vietnam,2026-06-11,2,+1,BTS,SWIM,12,1,x3,1511906,-416870,28996403,Korean artist / mostly English or K-pop,international / unknown,K-pop / pop,kpop_global,K-pop / global pop,Language/genre/origin are inferred labels for market research; verify manually for final decisions.
Kworb Spotify Weekly Chart - Vietnam,2026-06-11,3,+1,Binz,Em (w/ SOOBIN),3,3,x1,1360614,-131172,3709752,English / international or unknown,international / unknown,V-pop / R&B,pop_alt_pop,pop / alt-pop,Language/genre/origin are inferred labels for market research; verify manually for final decisions.
Kworb Spotify Weekly Chart - Vietnam,2026-06-11,4,-2,Sơn Tùng M-TP,Come My Way (w/ Tyga),2,2,x1,1001784,-952952,2956520,Vietnamese / local artist,local-language / local signal,V-pop / pop,pop_alt_pop,pop / alt-pop,Language/genre/origin are inferred labels for market research; verify manually for final decisions.
Kworb Spotify Weekly Chart - Vietnam,2026-06-11,5,=,Hngle,Không Buông (w/ Ari),40,2,x6,834427,-34448,35698881,Vietnamese / local artist,local-language / local signal,Vietnamese pop / mixed,pop_alt_pop,pop / alt-pop,Language/genre/origin are inferred labels for market research; verify manually for final decisions.
Kworb Spotify Weekly Chart - Vietnam,2026-06-11,6,+3,GREY D,dự báo thời tiết hôm nay mưa,186,6,,696729,39361,45877891,Vietnamese / local artist,local-language / local signal,Vietnamese pop / mixed,pop_alt_pop,pop / alt-pop,Language/genre/origin are inferred labels for market research; verify manually for final decisions.
Kworb Spotify Weekly Chart - Vietnam,2026-06-11,7,+3,Minh Huy,Ngày Rời Chuyến Bay (w/ Pinny),10,6,,667635,29613,6421885,Vietnamese / local artist,local-language / local signal,Vietnamese pop / mixed,pop_alt_pop,pop / alt-pop,Language/genre/origin are inferred labels for market research; verify manually for final decisions.
Kworb Spotify Weekly Chart - Vietnam,2026-06-11,8,-1,HIEUTHUHAI,Người Im Lặng Gặp Người Hay Nói,14,2,x1,655106,-58380,13439898,Vietnamese / local artist,local-language / local signal,Vietnamese rap / pop-rap,melodic_hiphop_poprap,melodic hip-hop / pop-rap,Language/genre/origin are inferred labels for market research; verify manually for final decisions.
Kworb Spotify Weekly Chart - Vietnam,2026-06-11,9,-3,Jung Kook,Standing Next to You,135,1,x12,641818,-99348,111245395,English / international or unknown,international / unknown,K-pop / pop,kpop_global,K-pop / global pop,Language/genre/origin are inferred labels for market research; verify manually for final decisions.
Kworb Spotify Weekly Chart - Vietnam,2026-06-11,10,-2,Low G,In Love (w/ JustaTee),33,2,x2,626743,-74688,26277978,English / international or unknown,international / unknown,pop ballad / love song,pop_ballad,pop ballad / love song,Language/genre/origin are inferred labels for market research; verify manually for final decisions.
Kworb Spotify Weekly Chart - Vietnam,2026-06-11,11,=,HIEUTHUHAI,Exit Sign (w/ marzuz),119,4,,623188,8930,76158215,English / international or unknown,international / unknown,Vietnamese rap / pop-rap,melodic_hiphop_poprap,melodic hip-hop / pop-rap,Language/genre/origin are inferred labels for market research; verify manually for final decisions.
Kworb Spotify Weekly Chart - Vietnam,2026-06-11,12,+1,marzuz,Và Thế Giới Đã Mất Đi Một Người Cô Đơn (w/ Changg),29,7,,601692,32336,16086469,Vietnamese / local artist,local-language / local signal,Vietnamese pop / mixed,pop_alt_pop,pop / alt-pop,Language/genre/origin are inferred labels for market research; verify manually for final decisions.
Kworb Spotify Weekly Chart - Vietnam,2026-06-11,13,+10,Ariana Grande,hate that i made you love me,2,13,,540021,115969,964073,English / international or unknown,international / unknown,pop / R&B,pop_alt_pop,pop / alt-pop,Language/genre/origin are inferred labels for market research; verify manually for final decisions.
Kworb Spotify Weekly Chart - Vietnam,2026-06-11,14,=,Sơn Tùng M-TP,Âm Thầm Bên Em,293,9,,531099,-30171,60622814,Vietnamese / local artist,local-language / local signal,V-pop / pop,pop_alt_pop,pop / alt-pop,Language/genre/origin are inferred labels for market research; verify manually for final decisions.
Kworb Spotify Weekly Chart - Vietnam,2026-06-11,15,-3,JustaTee,She Neva Knows,19,10,,529316,-83515,8168068,English / international or unknown,international / unknown,pop / mixed,pop_alt_pop,pop / alt-pop,Language/genre/origin are inferred labels for market research; verify manually for final decisions.
Kworb Spotify Weekly Chart - Vietnam,2026-06-11,16,-1,Fishy,vết thương,56,15,,495990,-4500,21656567,Vietnamese / local artist,local-language / local signal,Vietnamese pop / mixed,pop_alt_pop,pop / alt-pop,Language/genre/origin are inferred labels for market research; verify manually for final decisions.
Kworb Spotify Weekly Chart - Vietnam,2026-06-11,17,+2,VCT,Mo,197,6,,458754,6996,53287210,English / international or unknown,international / unknown,pop / mixed,pop_alt_pop,pop / alt-pop,Language/genre/origin are inferred labels for market research; verify manually for final decisions.
Kworb Spotify Weekly Chart - Vietnam,2026-06-11,18,=,B Ray,Vùng An Toàn (w/ V#),49,3,x2,458100,-18231,18057508,Vietnamese / local artist,local-language / local signal,Vietnamese pop / mixed,pop_alt_pop,pop / alt-pop,Language/genre/origin are inferred labels for market research; verify manually for final decisions.
Kworb Spotify Weekly Chart - Vietnam,2026-06-11,19,-2,SOOBIN,Nếu Ngày Ấy,76,17,,455433,-32020,23322004,Vietnamese / local artist,local-language / local signal,V-pop / R&B,pop_alt_pop,pop / alt-pop,Language/genre/origin are inferred labels for market research; verify manually for final decisions.
Kworb Spotify Weekly Chart - Vietnam,2026-06-11,20,-4,Sơn Tùng M-TP,Nơi Này Có Anh,359,12,,448774,-45903,43594840,Vietnamese / local artist,local-language / local signal,V-pop / pop,pop_alt_pop,pop / alt-pop,Language/genre/origin are inferred labels for market research; verify manually for final decisions.
Kworb Spotify Weekly Chart - Vietnam,2026-06-11,21,+3,MIN,"chẳng phải tình đầu sao đau đến thế (w/ Dangrangto, antransax)",33,2,x4,448518,28932,21143902,Vietnamese / local artist,local-language / local signal,Vietnamese pop / mixed,pop_alt_pop,pop / alt-pop,Language/genre/origin are inferred labels for market research; verify manually for final decisions.
Kworb Spotify Weekly Chart - Vietnam,2026-06-11,22,+9,VCT,Vet Mua,113,19,,433436,39101,25990067,English / international or unknown,international / unknown,pop / mixed,pop_alt_pop,pop / alt-pop,Language/genre/origin are inferred labels for market research; verify manually for final decisions.
Kworb Spotify Weekly Chart - Vietnam,2026-06-11,23,+4,Sơn Tùng M-TP,Đừng Làm Trái Tim Anh Đau,105,1,x3,427580,16469,58519629,Vietnamese / local artist,local-language / local signal,V-pop / pop,pop_alt_pop,pop / alt-pop,Language/genre/origin are inferred labels for market research; verify manually for final decisions.
Kworb Spotify Weekly Chart - Vietnam,2026-06-11,24,+40,Jimin,Who,67,1,x8,415786,121904,84614112,English / international or unknown,international / unknown,pop / mixed,pop_alt_pop,pop / alt-pop,Language/genre/origin are inferred labels for market research; verify manually for final decisions.
Kworb Spotify Weekly Chart - Vietnam,2026-06-11,25,+9,NHONHO,Dạo Bước HongKong 1999,11,5,,410823,27046,5841688,Vietnamese / local artist,local-language / local signal,Vietnamese pop / mixed,pop_alt_pop,pop / alt-pop,Language/genre/origin are inferred labels for market research; verify manually for final decisions.
Kworb Spotify Weekly Chart - Vietnam,2026-06-11,26,-4,CORTIS,REDRED,8,5,,397994,-41003,4511389,English / international or unknown,international / unknown,pop / mixed,pop_alt_pop,pop / alt-pop,Language/genre/origin are inferred labels for market research; verify manually for final decisions.
Kworb Spotify Weekly Chart - Vietnam,2026-06-11,27,+11,HIEUTHUHAI,Không Thể Say,164,7,,396597,24423,71745363,Vietnamese / local artist,local-language / local signal,Vietnamese rap / pop-rap,melodic_hiphop_poprap,melodic hip-hop / pop-rap,Language/genre/origin are inferred labels for market research; verify manually for final decisions.
Kworb Spotify Weekly Chart - Vietnam,2026-06-11,28,-2,VSTRA,Ai Ngoài Anh (w/ Tyronee),23,2,x4,395688,-17945,16120354,Vietnamese / local artist,local-language / local signal,Vietnamese pop / mixed,pop_alt_pop,pop / alt-pop,Language/genre/origin are inferred labels for market research; verify manually for final decisions.
Kworb Spotify Weekly Chart - Vietnam,2026-06-11,29,NEW,GREY D,toidaidot,1,29,,391626,,391626,English / international or unknown,international / unknown,pop / mixed,pop_alt_pop,pop / alt-pop,Language/genre/origin are inferred labels for market research; verify manually for final decisions.
Kworb Spotify Weekly Chart - Vietnam,2026-06-11,30,-2,Bảo Anh,Từng Là Của Nhau (w/ Táo),39,7,,389233,-20165,9977060,Vietnamese / local artist,local-language / local signal,Vietnamese pop / mixed,pop_alt_pop,pop / alt-pop,Language/genre/origin are inferred labels for market research; verify manually for final decisions.
Kworb Spotify Weekly Chart - Vietnam,2026-06-11,31,+11,GREY D,hoá ra…,11,5,,387362,20811,6273272,Vietnamese / local artist,local-language / local signal,Vietnamese pop / mixed,pop_alt_pop,pop / alt-pop,Language/genre/origin are inferred labels for market research; verify manually for final decisions.
Kworb Spotify Weekly Chart - Vietnam,2026-06-11,32,+4,SOOBIN,DANCING IN THE DARK,65,3,x1,377159,-1586,33834635,English / international or unknown,international / unknown,V-pop / R&B,pop_alt_pop,pop / alt-pop,Language/genre/origin are inferred labels for market research; verify manually for final decisions.
Kworb Spotify Weekly Chart - Vietnam,2026-06-11,33,-13,Binz,Em,29,4,,374532,-75468,9015019,English / international or unknown,international / unknown,pop / mixed,pop_alt_pop,pop / alt-pop,Language/genre/origin are inferred labels for market research; verify manually for final decisions.
Kworb Spotify Weekly Chart - Vietnam,2026-06-11,34,+13,Sơn Tùng M-TP,Buông Đôi Tay Nhau Ra,152,7,,373306,34546,34576804,Vietnamese / local artist,local-language / local signal,V-pop / pop,pop_alt_pop,pop / alt-pop,Language/genre/origin are inferred labels for market research; verify manually for final decisions.
Kworb Spotify Weekly Chart - Vietnam,2026-06-11,35,-5,JustaTee,2AM (w/ BigDaddy),213,18,,366399,-32016,46349209,English / international or unknown,international / unknown,pop / mixed,pop_alt_pop,pop / alt-pop,Language/genre/origin are inferred labels for market research; verify manually for final decisions.
Kworb Spotify Weekly Chart - Vietnam,2026-06-11,36,-1,Vũ.,Bình Yên (w/ Binz),93,4,,365062,-14402,55345159,Vietnamese / local artist,local-language / local signal,Vietnamese pop / mixed,pop_alt_pop,pop / alt-pop,Language/genre/origin are inferred labels for market research; verify manually for final decisions.
Kworb Spotify Weekly Chart - Vietnam,2026-06-11,37,+30,Sơn Tùng M-TP,Hãy Trao Cho Anh (w/ Snoop Dogg),151,1,x1,359495,70981,11094733,Vietnamese / local artist,local-language / local signal,V-pop / pop,pop_alt_pop,pop / alt-pop,Language/genre/origin are inferred labels for market research; verify manually for final decisions.
Kworb Spotify Weekly Chart - Vietnam,2026-06-11,38,+1,Karik,Bạn Đời (w/ GDucky),141,5,,359273,-11750,43905422,Vietnamese / local artist,local-language / local signal,Vietnamese pop / mixed,pop_alt_pop,pop / alt-pop,Language/genre/origin are inferred labels for market research; verify manually for final decisions.
Kworb Spotify Weekly Chart - Vietnam,2026-06-11,39,+7,Madihu,Có Em (w/ Low G),215,4,,353333,-408,54286713,Vietnamese / local artist,local-language / local signal,Vietnamese pop / mixed,pop_alt_pop,pop / alt-pop,Language/genre/origin are inferred labels for market research; verify manually for final decisions.
Kworb Spotify Weekly Chart - Vietnam,2026-06-11,40,-19,Emcee L (Da LAB),Chuyện Đôi Ta (w/ Muộii (Starry Night)),235,3,x7,349621,-99995,81269775,Vietnamese / local artist,local-language / local signal,Vietnamese pop / mixed,pop_alt_pop,pop / alt-pop,Language/genre/origin are inferred labels for market research; verify manually for final decisions.
Kworb Spotify Weekly Chart - Vietnam,2026-06-11,41,+21,Malcolm Todd,Earrings,7,41,,344378,47094,1832273,English / international or unknown,international / unknown,pop / mixed,pop_alt_pop,pop / alt-pop,Language/genre/origin are inferred labels for market research; verify manually for final decisions.
Kworb Spotify Weekly Chart - Vietnam,2026-06-11,42,-2,Madihu,Vì Anh Đâu Có Biết (w/ Vũ.),200,2,x1,343983,-26725,67898864,Vietnamese / local artist,local-language / local signal,Vietnamese pop / mixed,pop_alt_pop,pop / alt-pop,Language/genre/origin are inferred labels for market research; verify manually for final decisions.
Kworb Spotify Weekly Chart - Vietnam,2026-06-11,43,=,Phùng Khánh Linh,Cảm Ơn Người Đã Thức Cùng Tôi - Original Soundtrack,16,5,,342326,-23478,7930227,Vietnamese / local artist,local-language / local signal,Vietnamese pop / mixed,pop_alt_pop,pop / alt-pop,Language/genre/origin are inferred labels for market research; verify manually for final decisions.
Kworb Spotify Weekly Chart - Vietnam,2026-06-11,44,=,AMEE,"ex's hate me, Pt.2",101,30,,341127,-22235,22721137,English / international or unknown,international / unknown,V-pop / pop,pop_alt_pop,pop / alt-pop,Language/genre/origin are inferred labels for market research; verify manually for final decisions.
Kworb Spotify Weekly Chart - Vietnam,2026-06-11,45,+3,Sơn Tùng M-TP,Chúng Ta Của Hiện Tại,285,1,x12,340975,4518,65389855,Vietnamese / local artist,local-language / local signal,V-pop / pop,pop_alt_pop,pop / alt-pop,Language/genre/origin are inferred labels for market research; verify manually for final decisions.
Kworb Spotify Weekly Chart - Vietnam,2026-06-11,46,-13,JustaTee,Thằng Điên (w/ Phương Ly),191,23,,340293,-51450,44897962,Vietnamese / local artist,local-language / local signal,V-pop / pop,pop_alt_pop,pop / alt-pop,Language/genre/origin are inferred labels for market research; verify manually for final decisions.
Kworb Spotify Weekly Chart - Vietnam,2026-06-11,47,-22,JustaTee,Đã Lỡ Yêu Em Nhiều,172,24,,333456,-82632,25967208,Vietnamese / local artist,local-language / local signal,Vietnamese pop / mixed,pop_alt_pop,pop / alt-pop,Language/genre/origin are inferred labels for market research; verify manually for final decisions.
Kworb Spotify Weekly Chart - Vietnam,2026-06-11,48,-11,Binz,Nếu (w/ Obito),3,37,,330662,-41572,919993,Vietnamese / local artist,local-language / local signal,Vietnamese pop / mixed,pop_alt_pop,pop / alt-pop,Language/genre/origin are inferred labels for market research; verify manually for final decisions.
Kworb Spotify Weekly Chart - Vietnam,2026-06-11,49,+3,SOOBIN,giá như,113,13,,327323,3094,38753915,Vietnamese / local artist,local-language / local signal,V-pop / R&B,pop_alt_pop,pop / alt-pop,Language/genre/origin are inferred labels for market research; verify manually for final decisions.
Kworb Spotify Weekly Chart - Vietnam,2026-06-11,50,-18,Lou Hoàng,Yêu Một Người Có Lẽ (w/ Miu Lê),223,17,,325169,-66986,30233243,Vietnamese / local artist,local-language / local signal,Vietnamese pop / mixed,pop_alt_pop,pop / alt-pop,Language/genre/origin are inferred labels for market research; verify manually for final decisions.
Kworb Spotify Weekly Chart - Vietnam,2026-06-11,51,-10,B Ray,Cho Con (Lullaby pt.2),3,41,,323497,-46228,971661,English / international or unknown,international / unknown,pop / mixed,pop_alt_pop,pop / alt-pop,Language/genre/origin are inferred labels for market research; verify manually for final decisions.
Kworb Spotify Weekly Chart - Vietnam,2026-06-11,52,-7,buitruonglinh,Từng Ngày Yêu Em,75,9,,321173,-41337,33777313,Vietnamese / local artist,local-language / local signal,Vietnamese pop / mixed,pop_alt_pop,pop / alt-pop,Language/genre/origin are inferred labels for market research; verify manually for final decisions.
Kworb Spotify Weekly Chart - Vietnam,2026-06-11,53,-24,Da LAB,Thức Giấc,256,1,x3,319869,-79092,53673364,Vietnamese / local artist,local-language / local signal,Vietnamese pop / mixed,pop_alt_pop,pop / alt-pop,Language/genre/origin are inferred labels for market research; verify manually for final decisions.
Kworb Spotify Weekly Chart - Vietnam,2026-06-11,54,-4,Shartnuss,"Nắng có mang em về (w/ Tr.D, Phankeo)",122,4,,316425,-17106,42178301,Vietnamese / local artist,local-language / local signal,Vietnamese pop / mixed,pop_alt_pop,pop / alt-pop,Language/genre/origin are inferred labels for market research; verify manually for final decisions.
Kworb Spotify Weekly Chart - Vietnam,2026-06-11,55,-6,14 Casper,"một đời (w/ Bon Nghiêm, buitruonglinh)",115,14,,313890,-22025,44169335,Vietnamese / local artist,local-language / local signal,Vietnamese pop / mixed,pop_alt_pop,pop / alt-pop,Language/genre/origin are inferred labels for market research; verify manually for final decisions.
Kworb Spotify Weekly Chart - Vietnam,2026-06-11,56,+23,GREY D,đôi mắt kẻ tình si (w/ MIN),11,12,,312689,45703,3958592,Vietnamese / local artist,local-language / local signal,Vietnamese pop / mixed,pop_alt_pop,pop / alt-pop,Language/genre/origin are inferred labels for market research; verify manually for final decisions.
Kworb Spotify Weekly Chart - Vietnam,2026-06-11,57,-3,Obito,Dạo Này,24,8,,299886,-21731,9803556,Vietnamese / local artist,local-language / local signal,Vietnamese pop / mixed,pop_alt_pop,pop / alt-pop,Language/genre/origin are inferred labels for market research; verify manually for final decisions.
Kworb Spotify Weekly Chart - Vietnam,2026-06-11,58,-7,Puppy,Wrong Times (w/ Dangrangto),136,3,x1,299027,-26867,64834343,English / international or unknown,international / unknown,pop / mixed,pop_alt_pop,pop / alt-pop,Language/genre/origin are inferred labels for market research; verify manually for final decisions.
Kworb Spotify Weekly Chart - Vietnam,2026-06-11,59,+17,Đặng Vĩnh Thịnh,Ngàn Năm Ánh Sáng (w/ BMZ),44,5,,296521,25917,17572542,Vietnamese / local artist,local-language / local signal,Vietnamese pop / mixed,pop_alt_pop,pop / alt-pop,Language/genre/origin are inferred labels for market research; verify manually for final decisions.
Kworb Spotify Weekly Chart - Vietnam,2026-06-11,60,-2,GREY D,vaicaunoicokhiennguoithaydoi (w/ tlinh),207,2,x1,293534,-17373,67565049,English / international or unknown,international / unknown,Vietnamese rap / R&B,melodic_hiphop_poprap,melodic hip-hop / pop-rap,Language/genre/origin are inferred labels for market research; verify manually for final decisions.
Kworb Spotify Weekly Chart - Vietnam,2026-06-11,61,-4,Justin Bieber,Beauty And A Beat (w/ Nicki Minaj),9,9,,291551,-21818,3982324,English / international or unknown,international / unknown,pop / dance-pop,pop_alt_pop,pop / alt-pop,Language/genre/origin are inferred labels for market research; verify manually for final decisions.
Kworb Spotify Weekly Chart - Vietnam,2026-06-11,62,+8,Vũ.,Không Yêu Em Thì Yêu Ai? (w/ Low G),89,19,,287183,1995,31961781,Vietnamese / local artist,local-language / local signal,Vietnamese pop / mixed,pop_alt_pop,pop / alt-pop,Language/genre/origin are inferred labels for market research; verify manually for final decisions.
Kworb Spotify Weekly Chart - Vietnam,2026-06-11,63,-8,Emcee L (Da LAB),"Sinh Ra Đã Là Thứ Đối Lập Nhau (w/ Da LAB, Badbies)",246,17,,286576,-33451,61531495,Vietnamese / local artist,local-language / local signal,Vietnamese pop / mixed,pop_alt_pop,pop / alt-pop,Language/genre/origin are inferred labels for market research; verify manually for final decisions.
Kworb Spotify Weekly Chart - Vietnam,2026-06-11,64,-4,Juky San,Người Đầu Tiên (w/ buitruonglinh),31,2,x4,286048,-16588,20318644,Vietnamese / local artist,local-language / local signal,Vietnamese pop / mixed,pop_alt_pop,pop / alt-pop,Language/genre/origin are inferred labels for market research; verify manually for final decisions.
Kworb Spotify Weekly Chart - Vietnam,2026-06-11,65,-4,SOOBIN,Anh Đã Quen Với Cô Đơn,89,40,,284414,-17917,17837637,Vietnamese / local artist,local-language / local signal,V-pop / R&B,pop_alt_pop,pop / alt-pop,Language/genre/origin are inferred labels for market research; verify manually for final decisions.
Kworb Spotify Weekly Chart - Vietnam,2026-06-11,66,+37,T.R.I,"một bài hát không vui mấy - Extended Version (w/ Dangrangto, Donal)",75,26,,275221,40311,25488830,Vietnamese / local artist,local-language / local signal,Vietnamese pop / mixed,pop_alt_pop,pop / alt-pop,Language/genre/origin are inferred labels for market research; verify manually for final decisions.
Kworb Spotify Weekly Chart - Vietnam,2026-06-11,67,+14,24k.Right,"Một Nửa Sự Thật (w/ Ngắn, Hipz)",10,67,,274932,13599,2199453,Vietnamese / local artist,local-language / local signal,Vietnamese pop / mixed,pop_alt_pop,pop / alt-pop,Language/genre/origin are inferred labels for market research; verify manually for final decisions.
Kworb Spotify Weekly Chart - Vietnam,2026-06-11,68,-15,MAYDAYs,Phép Màu (w/ Minh Tốc & Lam),67,2,x2,274633,-49125,35481446,Vietnamese / local artist,local-language / local signal,Vietnamese pop / mixed,pop_alt_pop,pop / alt-pop,Language/genre/origin are inferred labels for market research; verify manually for final decisions.
Kworb Spotify Weekly Chart - Vietnam,2026-06-11,69,+3,Công Dương,"A Little Dream Of Me (w/ Nguyễn Lâm Thảo Tâm, 30 Pictures)",14,22,,272485,-9937,3967872,Vietnamese / local artist,local-language / local signal,Vietnamese pop / mixed,pop_alt_pop,pop / alt-pop,Language/genre/origin are inferred labels for market research; verify manually for final decisions.
Kworb Spotify Weekly Chart - Vietnam,2026-06-11,70,+3,Dương Domic,Không Thời Gian,38,2,x1,270022,-9123,21847139,Vietnamese / local artist,local-language / local signal,Vietnamese pop / mixed,pop_alt_pop,pop / alt-pop,Language/genre/origin are inferred labels for market research; verify manually for final decisions.
Kworb Spotify Weekly Chart - Vietnam,2026-06-11,71,+9,SOOBIN,Xin Đừng Lặng Im,55,37,,269821,6740,13335483,Vietnamese / local artist,local-language / local signal,V-pop / R&B,pop_alt_pop,pop / alt-pop,Language/genre/origin are inferred labels for market research; verify manually for final decisions.
Kworb Spotify Weekly Chart - Vietnam,2026-06-11,72,-4,VCT,"NGƯỜI NHƯ ANH XỨNG ĐÁNG CÔ ĐƠN - KHÔNG ĐAU NỮA RỒI (w/ Negav, Jey B, Ngô Kiến Huy)",15,45,,264394,-23524,4494325,Vietnamese / local artist,local-language / local signal,Vietnamese pop / mixed,pop_alt_pop,pop / alt-pop,Language/genre/origin are inferred labels for market research; verify manually for final decisions.
Kworb Spotify Weekly Chart - Vietnam,2026-06-11,73,-2,PC,10 Ngàn Năm,208,27,,264097,-20684,42132134,Vietnamese / local artist,local-language / local signal,Vietnamese pop / mixed,pop_alt_pop,pop / alt-pop,Language/genre/origin are inferred labels for market research; verify manually for final decisions.
Kworb Spotify Weekly Chart - Vietnam,2026-06-11,74,+11,Lil Zpoet,Tình Mình Lạ Kì,19,45,,263840,8550,5596897,Vietnamese / local artist,local-language / local signal,Vietnamese pop / mixed,pop_alt_pop,pop / alt-pop,Language/genre/origin are inferred labels for market research; verify manually for final decisions.
Kworb Spotify Weekly Chart - Vietnam,2026-06-11,75,-9,buitruonglinh,Giờ Thì,78,11,,263585,-26353,27707705,Vietnamese / local artist,local-language / local signal,Vietnamese pop / mixed,pop_alt_pop,pop / alt-pop,Language/genre/origin are inferred labels for market research; verify manually for final decisions.
Kworb Spotify Weekly Chart - Vietnam,2026-06-11,76,+1,Jung Kook,3D (w/ Jack Harlow),140,2,x20,261685,-6982,93180828,English / international or unknown,international / unknown,K-pop / pop,kpop_global,K-pop / global pop,Language/genre/origin are inferred labels for market research; verify manually for final decisions.
Kworb Spotify Weekly Chart - Vietnam,2026-06-11,77,-12,MAYDAYs,Hẹn Lần Sau,25,13,,260381,-32085,9112614,Vietnamese / local artist,local-language / local signal,Vietnamese pop / mixed,pop_alt_pop,pop / alt-pop,Language/genre/origin are inferred labels for market research; verify manually for final decisions.
Kworb Spotify Weekly Chart - Vietnam,2026-06-11,78,-15,Sơn Tùng M-TP,Muộn Rồi Mà Sao Còn,267,1,x4,259864,-34401,55449541,Vietnamese / local artist,local-language / local signal,V-pop / pop,pop_alt_pop,pop / alt-pop,Language/genre/origin are inferred labels for market research; verify manually for final decisions.
Kworb Spotify Weekly Chart - Vietnam,2026-06-11,79,-20,Lyly,24H (w/ Magazine),43,40,,257978,-44914,10390542,English / international or unknown,international / unknown,pop / mixed,pop_alt_pop,pop / alt-pop,Language/genre/origin are inferred labels for market research; verify manually for final decisions.
Kworb Spotify Weekly Chart - Vietnam,2026-06-11,80,+26,tlinh,Thích Quá Rùi Nà (w/ Trung Trần),298,34,,255663,22599,47327765,Vietnamese / local artist,local-language / local signal,Vietnamese rap / R&B,melodic_hiphop_poprap,melodic hip-hop / pop-rap,Language/genre/origin are inferred labels for market research; verify manually for final decisions.
Kworb Spotify Weekly Chart - Vietnam,2026-06-11,81,+3,JSOL,Sài Gòn Hôm Nay Mưa (w/ Hoàng Duyên),262,3,x2,254549,-2376,54232002,Vietnamese / local artist,local-language / local signal,Vietnamese pop / mixed,pop_alt_pop,pop / alt-pop,Language/genre/origin are inferred labels for market research; verify manually for final decisions.
Kworb Spotify Weekly Chart - Vietnam,2026-06-11,82,+4,MONSTAR,tình yêu chậm trễ,182,46,,252401,-666,36884529,Vietnamese / local artist,local-language / local signal,pop ballad / love song,pop_ballad,pop ballad / love song,Language/genre/origin are inferred labels for market research; verify manually for final decisions.
Kworb Spotify Weekly Chart - Vietnam,2026-06-11,83,-8,tlinh,nếu lúc đó (w/ 2Pillz),171,1,x2,248566,-24534,67706168,Vietnamese / local artist,local-language / local signal,Vietnamese rap / R&B,melodic_hiphop_poprap,melodic hip-hop / pop-rap,Language/genre/origin are inferred labels for market research; verify manually for final decisions.
Kworb Spotify Weekly Chart - Vietnam,2026-06-11,84,+14,W/N,id 072019,150,3,x1,248136,9355,53160012,English / international or unknown,international / unknown,pop / mixed,pop_alt_pop,pop / alt-pop,Language/genre/origin are inferred labels for market research; verify manually for final decisions.
Kworb Spotify Weekly Chart - Vietnam,2026-06-11,85,+17,"ANH TRAI ""SAY HI""","NGƯỜI NHƯ ANH XỨNG ĐÁNG CÔ ĐƠN (w/ VCT, Karik, Negav, Ngô Kiến Huy, Jey B)",37,3,x1,247646,12027,13139692,Vietnamese / local artist,local-language / local signal,Vietnamese pop / mixed,pop_alt_pop,pop / alt-pop,Language/genre/origin are inferred labels for market research; verify manually for final decisions.
Kworb Spotify Weekly Chart - Vietnam,2026-06-11,86,+41,马也_Crabbit,海屿你 (w/ Cole先生),2,86,,247443,43005,451881,English / international or unknown,international / unknown,pop / mixed,pop_alt_pop,pop / alt-pop,Language/genre/origin are inferred labels for market research; verify manually for final decisions.
Kworb Spotify Weekly Chart - Vietnam,2026-06-11,87,-13,MONSTAR,có hẹn với thanh xuân (w/ GREY-D),174,5,,246960,-27087,29866518,Vietnamese / local artist,local-language / local signal,Vietnamese pop / mixed,pop_alt_pop,pop / alt-pop,Language/genre/origin are inferred labels for market research; verify manually for final decisions.
Kworb Spotify Weekly Chart - Vietnam,2026-06-11,88,-32,Binz,Hững Hờ,3,56,,241064,-75420,719543,Vietnamese / local artist,local-language / local signal,Vietnamese pop / mixed,pop_alt_pop,pop / alt-pop,Language/genre/origin are inferred labels for market research; verify manually for final decisions.
Kworb Spotify Weekly Chart - Vietnam,2026-06-11,89,+6,Hngle,Buông,17,17,,237541,-3254,5166344,Vietnamese / local artist,local-language / local signal,Vietnamese pop / mixed,pop_alt_pop,pop / alt-pop,Language/genre/origin are inferred labels for market research; verify manually for final decisions.
Kworb Spotify Weekly Chart - Vietnam,2026-06-11,90,-21,aespa,LEMONADE,2,69,,235919,-49937,521775,English / international or unknown,international / unknown,pop / mixed,pop_alt_pop,pop / alt-pop,Language/genre/origin are inferred labels for market research; verify manually for final decisions.
Kworb Spotify Weekly Chart - Vietnam,2026-06-11,91,+5,RIO,vạn vật như muốn ta bên nhau,61,6,,235528,-4930,27374238,Vietnamese / local artist,local-language / local signal,Vietnamese pop / mixed,pop_alt_pop,pop / alt-pop,Language/genre/origin are inferred labels for market research; verify manually for final decisions.
Kworb Spotify Weekly Chart - Vietnam,2026-06-11,92,+9,Ronboogz,Nói Dối,136,3,x1,230063,-5598,38902168,Vietnamese / local artist,local-language / local signal,Vietnamese pop / mixed,pop_alt_pop,pop / alt-pop,Language/genre/origin are inferred labels for market research; verify manually for final decisions.
Kworb Spotify Weekly Chart - Vietnam,2026-06-11,93,+11,Quang Đăng Trần,Anh Đã Không Biết Cách Yêu Em,45,9,,229279,-4114,16688192,Vietnamese / local artist,local-language / local signal,Vietnamese pop / mixed,pop_alt_pop,pop / alt-pop,Language/genre/origin are inferred labels for market research; verify manually for final decisions.
Kworb Spotify Weekly Chart - Vietnam,2026-06-11,94,-6,CORTIS,ACAI,6,25,,225258,-23598,1845472,English / international or unknown,international / unknown,pop / mixed,pop_alt_pop,pop / alt-pop,Language/genre/origin are inferred labels for market research; verify manually for final decisions.
Kworb Spotify Weekly Chart - Vietnam,2026-06-11,95,-5,Phùng Khánh Linh,Hôm Nay Tôi Buồn,162,13,,225106,-21939,9518487,Vietnamese / local artist,local-language / local signal,Vietnamese pop / mixed,pop_alt_pop,pop / alt-pop,Language/genre/origin are inferred labels for market research; verify manually for final decisions.
Kworb Spotify Weekly Chart - Vietnam,2026-06-11,96,-18,Shiki,Có Đôi Điều,76,10,,224860,-42463,31126877,Vietnamese / local artist,local-language / local signal,Vietnamese pop / mixed,pop_alt_pop,pop / alt-pop,Language/genre/origin are inferred labels for market research; verify manually for final decisions.
Kworb Spotify Weekly Chart - Vietnam,2026-06-11,97,-8,SOOBIN,Tháng Năm,185,6,,224778,-22273,27942892,Vietnamese / local artist,local-language / local signal,V-pop / R&B,pop_alt_pop,pop / alt-pop,Language/genre/origin are inferred labels for market research; verify manually for final decisions.
Kworb Spotify Weekly Chart - Vietnam,2026-06-11,98,-16,Chillies,Em Đừng Khóc,70,3,x1,223286,-35441,13787768,Vietnamese / local artist,local-language / local signal,Vietnamese pop / mixed,pop_alt_pop,pop / alt-pop,Language/genre/origin are inferred labels for market research; verify manually for final decisions.
Kworb Spotify Weekly Chart - Vietnam,2026-06-11,99,+1,MANBO,"Hẹn Gặp Em Dưới Ánh Trăng (w/ HIEUTHUHAI, HURRYKNG)",117,20,,222736,-14779,37397506,Vietnamese / local artist,local-language / local signal,Vietnamese rap / pop-rap,melodic_hiphop_poprap,melodic hip-hop / pop-rap,Language/genre/origin are inferred labels for market research; verify manually for final decisions.
Kworb Spotify Weekly Chart - Vietnam,2026-06-11,100,-13,JustaTee,Cơn Mưa Cuối (w/ Binz),32,86,,222682,-29400,6627532,Vietnamese / local artist,local-language / local signal,Vietnamese pop / mixed,pop_alt_pop,pop / alt-pop,Language/genre/origin are inferred labels for market research; verify manually for final decisions.
Kworb Spotify Weekly Chart - Vietnam,2026-06-11,101,-2,Quân A.P,Bông Hoa Đẹp Nhất,128,32,,222226,-16230,12352087,Vietnamese / local artist,local-language / local signal,Vietnamese pop / mixed,pop_alt_pop,pop / alt-pop,Language/genre/origin are inferred labels for market research; verify manually for final decisions.
Kworb Spotify Weekly Chart - Vietnam,2026-06-11,102,-10,Sơn Tùng M-TP,Chúng Ta Không Thuộc Về Nhau,62,60,,219545,-26419,9102368,Vietnamese / local artist,local-language / local signal,V-pop / pop,pop_alt_pop,pop / alt-pop,Language/genre/origin are inferred labels for market research; verify manually for final decisions.
Kworb Spotify Weekly Chart - Vietnam,2026-06-11,103,+2,Đức Trường,Nếu Biết Đó Là Lần Cuối (w/ BMZ),40,47,,218873,-14425,10144756,Vietnamese / local artist,local-language / local signal,Vietnamese pop / mixed,pop_alt_pop,pop / alt-pop,Language/genre/origin are inferred labels for market research; verify manually for final decisions.
Kworb Spotify Weekly Chart - Vietnam,2026-06-11,104,+15,Việt Anh,Ngày Này Năm Ấy,44,17,,218729,3782,13591626,Vietnamese / local artist,local-language / local signal,Vietnamese pop / mixed,pop_alt_pop,pop / alt-pop,Language/genre/origin are inferred labels for market research; verify manually for final decisions.
Kworb Spotify Weekly Chart - Vietnam,2026-06-11,105,-22,Hoàng Tôn,Em Còn Nhớ Anh Không - Remastered (w/ Koo),61,69,,217587,-40458,13316541,Vietnamese / local artist,local-language / local signal,Vietnamese pop / mixed,pop_alt_pop,pop / alt-pop,Language/genre/origin are inferred labels for market research; verify manually for final decisions.
Kworb Spotify Weekly Chart - Vietnam,2026-06-11,106,+4,Đạt G,Thêm Bao Nhiêu Lâu,57,84,,216174,-12646,10438963,Vietnamese / local artist,local-language / local signal,Vietnamese pop / mixed,pop_alt_pop,pop / alt-pop,Language/genre/origin are inferred labels for market research; verify manually for final decisions.
Kworb Spotify Weekly Chart - Vietnam,2026-06-11,107,+4,JustaTee,Forget About Her,42,31,,215257,-13316,6562253,English / international or unknown,international / unknown,pop / mixed,pop_alt_pop,pop / alt-pop,Language/genre/origin are inferred labels for market research; verify manually for final decisions.
Kworb Spotify Weekly Chart - Vietnam,2026-06-11,108,+8,PC,"Ghé Qua (w/ Dick, tofutns)",96,61,,213822,-4361,21401432,Vietnamese / local artist,local-language / local signal,Vietnamese pop / mixed,pop_alt_pop,pop / alt-pop,Language/genre/origin are inferred labels for market research; verify manually for final decisions.
Kworb Spotify Weekly Chart - Vietnam,2026-06-11,109,+30,The Wind,Anh Muốn Nhìn Thấy Em (w/ Dangrangto),78,77,,212447,15254,17383380,Vietnamese / local artist,local-language / local signal,Vietnamese pop / mixed,pop_alt_pop,pop / alt-pop,Language/genre/origin are inferred labels for market research; verify manually for final decisions.
Kworb Spotify Weekly Chart - Vietnam,2026-06-11,110,-16,Low G,An Thần (w/ Thắng),241,2,x1,212236,-28592,51110713,Vietnamese / local artist,local-language / local signal,Vietnamese pop / mixed,pop_alt_pop,pop / alt-pop,Language/genre/origin are inferred labels for market research; verify manually for final decisions.
Kworb Spotify Weekly Chart - Vietnam,2026-06-11,111,+29,Da LAB,Nước Mắt Em Lau Bằng Tình Yêu Mới (w/ Tóc Tiên),120,107,,210655,13969,16743640,Vietnamese / local artist,local-language / local signal,pop ballad / love song,pop_ballad,pop ballad / love song,Language/genre/origin are inferred labels for market research; verify manually for final decisions.
Kworb Spotify Weekly Chart - Vietnam,2026-06-11,112,+16,Wxrdie,Trở Về (w/ JustaTee),67,54,,210328,5922,14040172,Vietnamese / local artist,local-language / local signal,Vietnamese pop / mixed,pop_alt_pop,pop / alt-pop,Language/genre/origin are inferred labels for market research; verify manually for final decisions.
Kworb Spotify Weekly Chart - Vietnam,2026-06-11,113,-20,Binz,Cho Mình Em (w/ Đen),132,32,,209460,-33142,15793943,Vietnamese / local artist,local-language / local signal,Vietnamese rap / hip-hop,melodic_hiphop_poprap,melodic hip-hop / pop-rap,Language/genre/origin are inferred labels for market research; verify manually for final decisions.
Kworb Spotify Weekly Chart - Vietnam,2026-06-11,114,+28,HIEUTHUHAI,Nghe Như Tình Yêu,246,35,,208618,13131,45898275,Vietnamese / local artist,local-language / local signal,Vietnamese rap / pop-rap,melodic_hiphop_poprap,melodic hip-hop / pop-rap,Language/genre/origin are inferred labels for market research; verify manually for final decisions.
Kworb Spotify Weekly Chart - Vietnam,2026-06-11,115,-24,Vũ.,Nếu Những Tiếc Nuối,60,33,,208310,-37695,16722553,Vietnamese / local artist,local-language / local signal,Vietnamese pop / mixed,pop_alt_pop,pop / alt-pop,Language/genre/origin are inferred labels for market research; verify manually for final decisions.
Kworb Spotify Weekly Chart - Vietnam,2026-06-11,116,+7,buitruonglinh,Đường Tôi Chở Em Về,188,14,,206567,-2880,26623870,Vietnamese / local artist,local-language / local signal,Vietnamese pop / mixed,pop_alt_pop,pop / alt-pop,Language/genre/origin are inferred labels for market research; verify manually for final decisions.
Kworb Spotify Weekly Chart - Vietnam,2026-06-11,117,+17,JayKii,Chiều Hôm Ấy,33,95,,206503,6803,6863068,Vietnamese / local artist,local-language / local signal,Vietnamese pop / mixed,pop_alt_pop,pop / alt-pop,Language/genre/origin are inferred labels for market research; verify manually for final decisions.
Kworb Spotify Weekly Chart - Vietnam,2026-06-11,118,-9,Obito,"Đánh Đổi (w/ Shiki, RPT MCK)",101,52,,206267,-25590,24974502,Vietnamese / local artist,local-language / local signal,Vietnamese pop / mixed,pop_alt_pop,pop / alt-pop,Language/genre/origin are inferred labels for market research; verify manually for final decisions.
Kworb Spotify Weekly Chart - Vietnam,2026-06-11,119,-6,Shiki,1000 Ánh Mắt (w/ Obito),102,8,,205737,-14214,32745239,Vietnamese / local artist,local-language / local signal,Vietnamese pop / mixed,pop_alt_pop,pop / alt-pop,Language/genre/origin are inferred labels for market research; verify manually for final decisions.
Kworb Spotify Weekly Chart - Vietnam,2026-06-11,120,+12,Low G,Simp Gái 808,139,9,,205481,4877,41642455,Vietnamese / local artist,local-language / local signal,Vietnamese pop / mixed,pop_alt_pop,pop / alt-pop,Language/genre/origin are inferred labels for market research; verify manually for final decisions.
Kworb Spotify Weekly Chart - Vietnam,2026-06-11,121,-14,BTS,Body to Body,12,5,,204839,-27973,4048646,Korean artist / mostly English or K-pop,international / unknown,K-pop / pop,kpop_global,K-pop / global pop,Language/genre/origin are inferred labels for market research; verify manually for final decisions.
Kworb Spotify Weekly Chart - Vietnam,2026-06-11,122,+2,Sơn Tùng M-TP,Chắc Ai Đó Sẽ Về,40,122,,204837,-2733,6751333,Vietnamese / local artist,local-language / local signal,V-pop / pop,pop_alt_pop,pop / alt-pop,Language/genre/origin are inferred labels for market research; verify manually for final decisions.
Kworb Spotify Weekly Chart - Vietnam,2026-06-11,123,-26,Sơn Tùng M-TP,MAKING MY WAY,25,2,x1,204736,-34505,7920710,Vietnamese / local artist,local-language / local signal,V-pop / pop,pop_alt_pop,pop / alt-pop,Language/genre/origin are inferred labels for market research; verify manually for final decisions.
Kworb Spotify Weekly Chart - Vietnam,2026-06-11,124,-10,Charlie Puth,We Don't Talk Anymore (w/ Selena Gomez),289,71,,203704,-15873,22623289,English / international or unknown,international / unknown,pop / mixed,pop_alt_pop,pop / alt-pop,Language/genre/origin are inferred labels for market research; verify manually for final decisions.
Kworb Spotify Weekly Chart - Vietnam,2026-06-11,125,-13,Ronboogz,nhắn nhủ,130,14,,203544,-17173,45442751,Vietnamese / local artist,local-language / local signal,Vietnamese pop / mixed,pop_alt_pop,pop / alt-pop,Language/genre/origin are inferred labels for market research; verify manually for final decisions.
Kworb Spotify Weekly Chart - Vietnam,2026-06-11,126,+23,Obito,"Đầu Đường Xó Chợ (w/ Shiki, Lăng LD)",50,113,,200993,14411,9041038,Vietnamese / local artist,local-language / local signal,Vietnamese pop / mixed,pop_alt_pop,pop / alt-pop,Language/genre/origin are inferred labels for market research; verify manually for final decisions.
Kworb Spotify Weekly Chart - Vietnam,2026-06-11,127,-6,HIEUTHUHAI,Chờ Tới Khi Anh Về (w/ Hoàng Tôn),7,23,,199534,-11590,2120117,Vietnamese / local artist,local-language / local signal,Vietnamese rap / pop-rap,melodic_hiphop_poprap,melodic hip-hop / pop-rap,Language/genre/origin are inferred labels for market research; verify manually for final decisions.
Kworb Spotify Weekly Chart - Vietnam,2026-06-11,128,+16,Quang Hùng MasterD,"Chất Gây Hại (w/ Low G, Hino)",25,16,,199198,7856,7509539,Vietnamese / local artist,local-language / local signal,Vietnamese pop / mixed,pop_alt_pop,pop / alt-pop,Language/genre/origin are inferred labels for market research; verify manually for final decisions.
Kworb Spotify Weekly Chart - Vietnam,2026-06-11,129,+23,Long Cao,Em Của Anh Đừng Của Ai!,6,107,,197432,14118,1180874,Vietnamese / local artist,local-language / local signal,Vietnamese pop / mixed,pop_alt_pop,pop / alt-pop,Language/genre/origin are inferred labels for market research; verify manually for final decisions.
Kworb Spotify Weekly Chart - Vietnam,2026-06-11,130,-1,Phùng Khánh Linh,EM ĐAU (w/ Thành Luke),22,62,,197175,-7080,4875142,Vietnamese / local artist,local-language / local signal,Vietnamese pop / mixed,pop_alt_pop,pop / alt-pop,Language/genre/origin are inferred labels for market research; verify manually for final decisions.
Kworb Spotify Weekly Chart - Vietnam,2026-06-11,131,+16,Vũ.,Những Lời Hứa Bỏ Quên (w/ Dear Jane),130,1,x1,196629,7693,47808895,Vietnamese / local artist,local-language / local signal,Vietnamese pop / mixed,pop_alt_pop,pop / alt-pop,Language/genre/origin are inferred labels for market research; verify manually for final decisions.
Kworb Spotify Weekly Chart - Vietnam,2026-06-11,132,+13,Obito,"Hà Nội (w/ Shiki, VSTRA)",101,12,,195128,4452,31139367,Vietnamese / local artist,local-language / local signal,Vietnamese pop / mixed,pop_alt_pop,pop / alt-pop,Language/genre/origin are inferred labels for market research; verify manually for final decisions.
Kworb Spotify Weekly Chart - Vietnam,2026-06-11,133,+44,Hoàng Dũng,"Giữ Anh Cho Ngày Hôm Qua (w/ Rhymastic, Lelarec)",35,40,,194977,24062,7568074,Vietnamese / local artist,local-language / local signal,Vietnamese pop / mixed,pop_alt_pop,pop / alt-pop,Language/genre/origin are inferred labels for market research; verify manually for final decisions.
Kworb Spotify Weekly Chart - Vietnam,2026-06-11,134,-4,Dương Domic,Mất Kết Nối,81,2,x8,194953,-7438,53684044,Vietnamese / local artist,local-language / local signal,Vietnamese pop / mixed,pop_alt_pop,pop / alt-pop,Language/genre/origin are inferred labels for market research; verify manually for final decisions.
Kworb Spotify Weekly Chart - Vietnam,2026-06-11,135,-17,MIN,Em Mới Là Người Yêu Anh,102,1,x1,194897,-21224,3680765,Vietnamese / local artist,local-language / local signal,Vietnamese pop / mixed,pop_alt_pop,pop / alt-pop,Language/genre/origin are inferred labels for market research; verify manually for final decisions.
Kworb Spotify Weekly Chart - Vietnam,2026-06-11,136,+20,Orange,Khi Em Lớn (w/ Hoàng Dũng),227,4,,193338,12200,28803784,Vietnamese / local artist,local-language / local signal,Vietnamese pop / mixed,pop_alt_pop,pop / alt-pop,Language/genre/origin are inferred labels for market research; verify manually for final decisions.
Kworb Spotify Weekly Chart - Vietnam,2026-06-11,137,+55,Changg,Em Không Hiểu (w/ Minh Huy),243,27,,192230,28584,33353240,Vietnamese / local artist,local-language / local signal,Vietnamese pop / mixed,pop_alt_pop,pop / alt-pop,Language/genre/origin are inferred labels for market research; verify manually for final decisions.
Kworb Spotify Weekly Chart - Vietnam,2026-06-11,138,+27,Tóc Tiên,Có Ai Thương Em Như Anh (w/ Touliver),148,20,,190215,13394,24109193,Vietnamese / local artist,local-language / local signal,Vietnamese pop / mixed,pop_alt_pop,pop / alt-pop,Language/genre/origin are inferred labels for market research; verify manually for final decisions.
Kworb Spotify Weekly Chart - Vietnam,2026-06-11,139,+51,HIEUTHUHAI,NOLOVENOLIFE,139,24,,190083,25930,39695563,English / international or unknown,international / unknown,Vietnamese rap / pop-rap,melodic_hiphop_poprap,melodic hip-hop / pop-rap,Language/genre/origin are inferred labels for market research; verify manually for final decisions.
Kworb Spotify Weekly Chart - Vietnam,2026-06-11,140,+3,Da LAB,Bầu Trời Mới (w/ Minh Tốc & Lam),88,8,,188170,-3898,36413257,Vietnamese / local artist,local-language / local signal,Vietnamese pop / mixed,pop_alt_pop,pop / alt-pop,Language/genre/origin are inferred labels for market research; verify manually for final decisions.
Kworb Spotify Weekly Chart - Vietnam,2026-06-11,141,+22,GREY D,mới hôm qua,11,34,,187555,10217,2420969,Vietnamese / local artist,local-language / local signal,Vietnamese pop / mixed,pop_alt_pop,pop / alt-pop,Language/genre/origin are inferred labels for market research; verify manually for final decisions.
Kworb Spotify Weekly Chart - Vietnam,2026-06-11,142,-6,Vũ.,Lạ Lùng,426,17,,186273,-12394,48547102,Vietnamese / local artist,local-language / local signal,Vietnamese pop / mixed,pop_alt_pop,pop / alt-pop,Language/genre/origin are inferred labels for market research; verify manually for final decisions.
Kworb Spotify Weekly Chart - Vietnam,2026-06-11,143,+18,Dangrangto,thế giới của anh (w/ DONAL),19,50,,185977,7324,4052552,Vietnamese / local artist,local-language / local signal,Vietnamese pop / mixed,pop_alt_pop,pop / alt-pop,Language/genre/origin are inferred labels for market research; verify manually for final decisions.
Kworb Spotify Weekly Chart - Vietnam,2026-06-11,144,-22,CORTIS,TNT,6,27,,185529,-24074,1692328,English / international or unknown,international / unknown,pop / mixed,pop_alt_pop,pop / alt-pop,Language/genre/origin are inferred labels for market research; verify manually for final decisions.
Kworb Spotify Weekly Chart - Vietnam,2026-06-11,145,+6,Only C,Người Đáng Thương Là Anh,21,131,,184328,499,3492187,Vietnamese / local artist,local-language / local signal,Vietnamese pop / mixed,pop_alt_pop,pop / alt-pop,Language/genre/origin are inferred labels for market research; verify manually for final decisions.
Kworb Spotify Weekly Chart - Vietnam,2026-06-11,146,+45,Bùi Anh Tuấn,Hẹn Một Mai,60,109,,182392,18411,9725164,Vietnamese / local artist,local-language / local signal,Vietnamese pop / mixed,pop_alt_pop,pop / alt-pop,Language/genre/origin are inferred labels for market research; verify manually for final decisions.
Kworb Spotify Weekly Chart - Vietnam,2026-06-11,147,-16,RHYDER,"Chịu Cách Mình Nói Thua (w/ Coolkid, BAN)",124,6,,182315,-19081,56200347,Vietnamese / local artist,local-language / local signal,Vietnamese pop / mixed,pop_alt_pop,pop / alt-pop,Language/genre/origin are inferred labels for market research; verify manually for final decisions.
Kworb Spotify Weekly Chart - Vietnam,2026-06-11,148,-40,Rhymastic,Yêu 5,226,77,,182310,-50169,20351177,Vietnamese / local artist,local-language / local signal,Vietnamese pop / mixed,pop_alt_pop,pop / alt-pop,Language/genre/origin are inferred labels for market research; verify manually for final decisions.
Kworb Spotify Weekly Chart - Vietnam,2026-06-11,149,+18,CORTIS,GO!,29,82,,182134,5790,5622796,English / international or unknown,international / unknown,pop / mixed,pop_alt_pop,pop / alt-pop,Language/genre/origin are inferred labels for market research; verify manually for final decisions.
Kworb Spotify Weekly Chart - Vietnam,2026-06-11,150,-24,BTS,2.0,12,11,,182034,-23769,3039946,Korean artist / mostly English or K-pop,international / unknown,K-pop / pop,kpop_global,K-pop / global pop,Language/genre/origin are inferred labels for market research; verify manually for final decisions.
Kworb Spotify Weekly Chart - Vietnam,2026-06-11,151,+23,The Weeknd,"One Of The Girls (w/ JENNIE, Lily-Rose Depp)",155,11,,181966,9020,37806402,English / international or unknown,international / unknown,pop / R&B,pop_alt_pop,pop / alt-pop,Language/genre/origin are inferred labels for market research; verify manually for final decisions.
Kworb Spotify Weekly Chart - Vietnam,2026-06-11,152,+26,Sơn Tùng M-TP,Chúng Ta Của Tương Lai,83,1,x3,181483,11458,31596794,Vietnamese / local artist,local-language / local signal,V-pop / pop,pop_alt_pop,pop / alt-pop,Language/genre/origin are inferred labels for market research; verify manually for final decisions.
Kworb Spotify Weekly Chart - Vietnam,2026-06-11,153,-38,Da LAB,Thanh Xuan,403,1,x5,180801,-38404,45242931,English / international or unknown,international / unknown,pop / mixed,pop_alt_pop,pop / alt-pop,Language/genre/origin are inferred labels for market research; verify manually for final decisions.
Kworb Spotify Weekly Chart - Vietnam,2026-06-11,154,+22,Chillies,Vùng Ký Ức,132,1,x2,180673,9689,16350667,Vietnamese / local artist,local-language / local signal,Vietnamese pop / mixed,pop_alt_pop,pop / alt-pop,Language/genre/origin are inferred labels for market research; verify manually for final decisions.
Kworb Spotify Weekly Chart - Vietnam,2026-06-11,155,-18,MIN,Có Em Chờ,31,117,,179980,-17956,5707217,Vietnamese / local artist,local-language / local signal,Vietnamese pop / mixed,pop_alt_pop,pop / alt-pop,Language/genre/origin are inferred labels for market research; verify manually for final decisions.
Kworb Spotify Weekly Chart - Vietnam,2026-06-11,156,+4,Dangrangto,Love is,85,10,,179341,320,32290893,English / international or unknown,international / unknown,pop ballad / love song,pop_ballad,pop ballad / love song,Language/genre/origin are inferred labels for market research; verify manually for final decisions.
Kworb Spotify Weekly Chart - Vietnam,2026-06-11,157,-24,HIEUTHUHAI,Dạo Gần Đây Anh Thấy Anh Không Bằng Ai Hết,7,16,,179019,-21411,2162119,Vietnamese / local artist,local-language / local signal,Vietnamese rap / pop-rap,melodic_hiphop_poprap,melodic hip-hop / pop-rap,Language/genre/origin are inferred labels for market research; verify manually for final decisions.
Kworb Spotify Weekly Chart - Vietnam,2026-06-11,158,+1,CoolKid,Sau Cơn Mưa (w/ RHYDER),144,8,,176388,-3277,57472657,Vietnamese / local artist,local-language / local signal,Vietnamese pop / mixed,pop_alt_pop,pop / alt-pop,Language/genre/origin are inferred labels for market research; verify manually for final decisions.
Kworb Spotify Weekly Chart - Vietnam,2026-06-11,159,-6,B Ray,Ex's Hate Me (w/ AMEE),32,129,,175921,-7125,5414381,English / international or unknown,international / unknown,V-pop / pop,pop_alt_pop,pop / alt-pop,Language/genre/origin are inferred labels for market research; verify manually for final decisions.
Kworb Spotify Weekly Chart - Vietnam,2026-06-11,160,-12,Phương Ly,Anh Là Ai,37,109,,175709,-12025,7145009,Vietnamese / local artist,local-language / local signal,V-pop / pop,pop_alt_pop,pop / alt-pop,Language/genre/origin are inferred labels for market research; verify manually for final decisions.
Kworb Spotify Weekly Chart - Vietnam,2026-06-11,161,-23,BTS,Hooligan,12,8,,175647,-21816,3075645,Korean artist / mostly English or K-pop,international / unknown,K-pop / pop,kpop_global,K-pop / global pop,Language/genre/origin are inferred labels for market research; verify manually for final decisions.
Kworb Spotify Weekly Chart - Vietnam,2026-06-11,162,+18,tlinh,PHÓNG ZÌN ZÌN (w/ Low G),90,4,,173972,4939,41835365,Vietnamese / local artist,local-language / local signal,Vietnamese rap / R&B,melodic_hiphop_poprap,melodic hip-hop / pop-rap,Language/genre/origin are inferred labels for market research; verify manually for final decisions.
Kworb Spotify Weekly Chart - Vietnam,2026-06-11,163,NEW,Đinh Mạnh Ninh,Dù có cách xa,1,163,,173921,,173921,Vietnamese / local artist,local-language / local signal,Vietnamese pop / mixed,pop_alt_pop,pop / alt-pop,Language/genre/origin are inferred labels for market research; verify manually for final decisions.
Kworb Spotify Weekly Chart - Vietnam,2026-06-11,164,-6,Phan Mạnh Quỳnh,Xuân Thì,2,158,,171429,-8466,351324,Vietnamese / local artist,local-language / local signal,Vietnamese pop / mixed,pop_alt_pop,pop / alt-pop,Language/genre/origin are inferred labels for market research; verify manually for final decisions.
Kworb Spotify Weekly Chart - Vietnam,2026-06-11,165,+30,TaynguyenSound,"Già Cùng Nhau Là Được (w/ Tùng TeA, PC)",148,70,,171021,8689,16289746,Vietnamese / local artist,local-language / local signal,Vietnamese pop / mixed,pop_alt_pop,pop / alt-pop,Language/genre/origin are inferred labels for market research; verify manually for final decisions.
Kworb Spotify Weekly Chart - Vietnam,2026-06-11,166,NEW,Tóc Tiên,người còn thương em không,1,166,,170690,,170690,Vietnamese / local artist,local-language / local signal,Vietnamese pop / mixed,pop_alt_pop,pop / alt-pop,Language/genre/origin are inferred labels for market research; verify manually for final decisions.
Kworb Spotify Weekly Chart - Vietnam,2026-06-11,167,-1,Đỗ Hoàng Long,Trạng Thái Mộng Mơ,16,92,,169732,-6939,3353013,Vietnamese / local artist,local-language / local signal,Vietnamese pop / mixed,pop_alt_pop,pop / alt-pop,Language/genre/origin are inferred labels for market research; verify manually for final decisions.
Kworb Spotify Weekly Chart - Vietnam,2026-06-11,168,-4,Kai Đinh,Lễ Đường,65,3,x3,169661,-7629,21333520,Vietnamese / local artist,local-language / local signal,Vietnamese pop / mixed,pop_alt_pop,pop / alt-pop,Language/genre/origin are inferred labels for market research; verify manually for final decisions.
Kworb Spotify Weekly Chart - Vietnam,2026-06-11,169,+6,GREY D,yêu em như…,11,13,,168826,-2728,3269318,Vietnamese / local artist,local-language / local signal,Vietnamese pop / mixed,pop_alt_pop,pop / alt-pop,Language/genre/origin are inferred labels for market research; verify manually for final decisions.
Kworb Spotify Weekly Chart - Vietnam,2026-06-11,170,-15,"ANH TRAI ""SAY HI""","KIM PHÚT, KIM GIỜ (w/ HURRYKNG, HIEUTHUHAI, Negav, Pháp Kiều, Isaac)",85,5,,165520,-16536,30059943,Vietnamese / local artist,local-language / local signal,Vietnamese rap / pop-rap,melodic_hiphop_poprap,melodic hip-hop / pop-rap,Language/genre/origin are inferred labels for market research; verify manually for final decisions.
Kworb Spotify Weekly Chart - Vietnam,2026-06-11,171,+8,Đức Trường,"Đáng Lý Ra Phải Là Anh (w/ BMZ, Kun)",26,90,,165463,-3834,5119555,Vietnamese / local artist,local-language / local signal,Vietnamese pop / mixed,pop_alt_pop,pop / alt-pop,Language/genre/origin are inferred labels for market research; verify manually for final decisions.
Kworb Spotify Weekly Chart - Vietnam,2026-06-11,172,RE,Ngô Lan Hương,"Có công mài ""Sắc""",8,85,,165061,,1579016,Vietnamese / local artist,local-language / local signal,Vietnamese pop / mixed,pop_alt_pop,pop / alt-pop,Language/genre/origin are inferred labels for market research; verify manually for final decisions.
Kworb Spotify Weekly Chart - Vietnam,2026-06-11,173,-5,Charlie Puth,Attention,205,21,,164989,-10498,9984590,English / international or unknown,international / unknown,pop / mixed,pop_alt_pop,pop / alt-pop,Language/genre/origin are inferred labels for market research; verify manually for final decisions.
Kworb Spotify Weekly Chart - Vietnam,2026-06-11,174,RE,Cloud 5,Đến Đây Bên Anh (w/ Dangrangto),60,66,,164677,,12231317,Vietnamese / local artist,local-language / local signal,Vietnamese pop / mixed,pop_alt_pop,pop / alt-pop,Language/genre/origin are inferred labels for market research; verify manually for final decisions.
Kworb Spotify Weekly Chart - Vietnam,2026-06-11,175,+21,Chillies,Mascara,228,3,x2,163572,1525,26072006,English / international or unknown,international / unknown,pop / mixed,pop_alt_pop,pop / alt-pop,Language/genre/origin are inferred labels for market research; verify manually for final decisions.
Kworb Spotify Weekly Chart - Vietnam,2026-06-11,176,-30,buitruonglinh,Em Không Khóc (w/ Vũ Phụng Tiên),187,62,,163234,-26199,29163638,Vietnamese / local artist,local-language / local signal,Vietnamese pop / mixed,pop_alt_pop,pop / alt-pop,Language/genre/origin are inferred labels for market research; verify manually for final decisions.
Kworb Spotify Weekly Chart - Vietnam,2026-06-11,177,+10,CORTIS,FaSHioN,27,90,,163169,-2621,5007015,English / international or unknown,international / unknown,pop / mixed,pop_alt_pop,pop / alt-pop,Language/genre/origin are inferred labels for market research; verify manually for final decisions.
Kworb Spotify Weekly Chart - Vietnam,2026-06-11,178,+5,Hoàng Dũng,Chờ Anh Nhé (w/ Hoàng Rob),42,100,,163072,-4456,8165068,Vietnamese / local artist,local-language / local signal,Vietnamese pop / mixed,pop_alt_pop,pop / alt-pop,Language/genre/origin are inferred labels for market research; verify manually for final decisions.
Kworb Spotify Weekly Chart - Vietnam,2026-06-11,179,RE,RHYDER,TIẾC CHO EM,20,27,,162541,,5151500,Vietnamese / local artist,local-language / local signal,Vietnamese pop / mixed,pop_alt_pop,pop / alt-pop,Language/genre/origin are inferred labels for market research; verify manually for final decisions.
Kworb Spotify Weekly Chart - Vietnam,2026-06-11,180,-45,buitruonglinh,Dù Cho Mai Về Sau,271,10,,161749,-37662,39663189,Vietnamese / local artist,local-language / local signal,Vietnamese pop / mixed,pop_alt_pop,pop / alt-pop,Language/genre/origin are inferred labels for market research; verify manually for final decisions.
Kworb Spotify Weekly Chart - Vietnam,2026-06-11,181,RE,Nguyễn Trọng Tài,"HONGKONG1 (w/ Don Raemo, Double X)",14,150,,161326,,2363991,Vietnamese / local artist,local-language / local signal,Vietnamese pop / mixed,pop_alt_pop,pop / alt-pop,Language/genre/origin are inferred labels for market research; verify manually for final decisions.
Kworb Spotify Weekly Chart - Vietnam,2026-06-11,182,NEW,Kiều Chi,Sau Này Em Cưới Ai Rồi - Zeko Remix (w/ Zeko Remix),1,182,,161001,,161001,Vietnamese / local artist,local-language / local signal,dance-pop / electronic,dance_electronic,dance-pop / electronic,Language/genre/origin are inferred labels for market research; verify manually for final decisions.
Kworb Spotify Weekly Chart - Vietnam,2026-06-11,183,NEW,VƯƠNG BÌNH,Thanh Tân - song ca Thùy Chi (w/ Thùy Chi),1,183,,160889,,160889,Vietnamese / local artist,local-language / local signal,Vietnamese pop / mixed,pop_alt_pop,pop / alt-pop,Language/genre/origin are inferred labels for market research; verify manually for final decisions.
Kworb Spotify Weekly Chart - Vietnam,2026-06-11,184,=,Justin Bieber,Baby (w/ Ludacris),9,27,,160702,-6387,2325015,English / international or unknown,international / unknown,pop / dance-pop,pop_alt_pop,pop / alt-pop,Language/genre/origin are inferred labels for market research; verify manually for final decisions.
Kworb Spotify Weekly Chart - Vietnam,2026-06-11,185,+4,AMEE,MỘNG YU (w/ RPT MCK),79,3,x2,160571,-4511,26034096,Vietnamese / local artist,local-language / local signal,V-pop / pop,pop_alt_pop,pop / alt-pop,Language/genre/origin are inferred labels for market research; verify manually for final decisions.
Kworb Spotify Weekly Chart - Vietnam,2026-06-11,186,RE,Wren Evans,Từng Quen (w/ itsnk),124,1,x1,160514,,54657782,Vietnamese / local artist,local-language / local signal,Vietnamese pop / mixed,pop_alt_pop,pop / alt-pop,Language/genre/origin are inferred labels for market research; verify manually for final decisions.
Kworb Spotify Weekly Chart - Vietnam,2026-06-11,187,+1,14 Casper,bao tiền một mớ bình yên? (w/ Bon Nghiêm),218,9,,159995,-5473,47992362,Vietnamese / local artist,local-language / local signal,Vietnamese pop / mixed,pop_alt_pop,pop / alt-pop,Language/genre/origin are inferred labels for market research; verify manually for final decisions.
Kworb Spotify Weekly Chart - Vietnam,2026-06-11,188,RE,GREY D,đưa em về nhàa (w/ Chillies),160,3,x1,159151,,41396851,Vietnamese / local artist,local-language / local signal,Vietnamese pop / mixed,pop_alt_pop,pop / alt-pop,Language/genre/origin are inferred labels for market research; verify manually for final decisions.
Kworb Spotify Weekly Chart - Vietnam,2026-06-11,189,-69,Sơn Tùng M-TP,Nắng Ấm Xa Dần,11,120,,159108,-52980,1676293,Vietnamese / local artist,local-language / local signal,V-pop / pop,pop_alt_pop,pop / alt-pop,Language/genre/origin are inferred labels for market research; verify manually for final decisions.
Kworb Spotify Weekly Chart - Vietnam,2026-06-11,190,RE,Wren Evans,Thu Đợi (w/ itsnk),23,6,,159088,,7422367,Vietnamese / local artist,local-language / local signal,Vietnamese pop / mixed,pop_alt_pop,pop / alt-pop,Language/genre/origin are inferred labels for market research; verify manually for final decisions.
Kworb Spotify Weekly Chart - Vietnam,2026-06-11,191,-9,ROSÉ,APT. (w/ Bruno Mars),72,2,x1,159065,-9603,37470942,Vietnamese / local artist,local-language / local signal,pop / funk,pop_alt_pop,pop / alt-pop,Language/genre/origin are inferred labels for market research; verify manually for final decisions.
Kworb Spotify Weekly Chart - Vietnam,2026-06-11,192,RE,Lady Gaga,Die With A Smile (w/ Bruno Mars),90,4,,158823,,34708229,English / international or unknown,international / unknown,pop / funk,pop_alt_pop,pop / alt-pop,Language/genre/origin are inferred labels for market research; verify manually for final decisions.
Kworb Spotify Weekly Chart - Vietnam,2026-06-11,193,=,Vũ.,Bước Qua Mùa Cô Đơn,274,1,x1,158630,-4525,44388562,Vietnamese / local artist,local-language / local signal,Vietnamese pop / mixed,pop_alt_pop,pop / alt-pop,Language/genre/origin are inferred labels for market research; verify manually for final decisions.
Kworb Spotify Weekly Chart - Vietnam,2026-06-11,194,-37,"ANH TRAI ""SAY HI""","CHỜ ANH VỀ (w/ B Ray, AMEE)",27,2,x1,158623,-21947,10052789,Vietnamese / local artist,local-language / local signal,V-pop / pop,pop_alt_pop,pop / alt-pop,Language/genre/origin are inferred labels for market research; verify manually for final decisions.
Kworb Spotify Weekly Chart - Vietnam,2026-06-11,195,+5,Hoàng Dũng,Phonecert,24,137,,158357,-1508,4147789,Vietnamese / local artist,local-language / local signal,Vietnamese pop / mixed,pop_alt_pop,pop / alt-pop,Language/genre/origin are inferred labels for market research; verify manually for final decisions.
Kworb Spotify Weekly Chart - Vietnam,2026-06-11,196,-42,Kha,Hư không,126,22,,157093,-25465,34498430,Vietnamese / local artist,local-language / local signal,Vietnamese pop / mixed,pop_alt_pop,pop / alt-pop,Language/genre/origin are inferred labels for market research; verify manually for final decisions.
Kworb Spotify Weekly Chart - Vietnam,2026-06-11,197,RE,VƯƠNG BÌNH,Thanh Tân,9,40,,156960,,2130917,Vietnamese / local artist,local-language / local signal,Vietnamese pop / mixed,pop_alt_pop,pop / alt-pop,Language/genre/origin are inferred labels for market research; verify manually for final decisions.
Kworb Spotify Weekly Chart - Vietnam,2026-06-11,198,RE,MIN,"Đừng Yêu Nữa, Em Mệt Rồi",5,163,,156269,,609010,Vietnamese / local artist,local-language / local signal,Vietnamese pop / mixed,pop_alt_pop,pop / alt-pop,Language/genre/origin are inferred labels for market research; verify manually for final decisions.
Kworb Spotify Weekly Chart - Vietnam,2026-06-11,199,-14,Hà Anh Tuấn,Tháng Tư Là Lời Nói Dối Của Em,65,49,,156064,-10305,10449886,Vietnamese / local artist,local-language / local signal,Vietnamese pop / mixed,pop_alt_pop,pop / alt-pop,Language/genre/origin are inferred labels for market research; verify manually for final decisions.
Kworb Spotify Weekly Chart - Vietnam,2026-06-11,200,RE,JustaTee,Crying Over You (w/ Binz),3,173,,156060,,483274,English / international or unknown,international / unknown,pop / mixed,pop_alt_pop,pop / alt-pop,Language/genre/origin are inferred labels for market research; verify manually for final decisions.
