track_name,artist_name,album_name,genre,release_date,duration_ms,track_price,currency,country,preview_url,artwork_url
Lofi Study,Lofi Radiance & Lofi Chillhop,Lofi Study Beats - EP,Easy Listening,2019-07-06T12:00:00Z,125522,0.99,USD,USA,https://audio-ssl.itunes.apple.com/itunes-assets/AudioPreview125/v4/6c/65/1f/6c651f06-4301-9993-b272-61c5f0afa000/mzaf_1197394602119050210.plus.aac.p.m4a,https://is1-ssl.mzstatic.com/image/thumb/Music123/v4/fb/21/e4/fb21e416-5a48-b709-10da-e454f7082666/5059137120124_cover.jpg/100x100bb.jpg
LoFi Study,Lofi Beats Study,LoFi Study,Electronic,2021-06-03T12:00:00Z,192000,0.99,USD,USA,https://audio-ssl.itunes.apple.com/itunes-assets/AudioPreview115/v4/13/59/ca/1359ca7a-aa8a-a561-39e3-89b8ecf06cda/mzaf_13086790727207351493.plus.aac.p.m4a,https://is1-ssl.mzstatic.com/image/thumb/Music125/v4/ec/c1/10/ecc1104f-a67b-c425-2834-e99524ca6398/5059806765571_cover.jpg/100x100bb.jpg
Lofi Study,LoFi Hip Hop,Lo-fi Beats (Lo-Fi Study & Chill Beats),Electronic,2023-09-15T12:00:00Z,46297,1.29,USD,USA,https://audio-ssl.itunes.apple.com/itunes-assets/AudioPreview116/v4/48/b7/e3/48b7e33a-63d3-4b53-ce09-0deb2e075450/mzaf_283683030744164600.plus.aac.p.m4a,https://is1-ssl.mzstatic.com/image/thumb/Music126/v4/81/92/29/81922931-16a5-01ef-4d44-5e6846f77ca7/509.jpg/100x100bb.jpg
Lofi Study,"Lofi Sleep Chill & Study, Lofi Hip-Hop Beats & Lo-Fi Beats",Lofi Study,Hip-Hop/Rap,2020-07-23T12:00:00Z,117073,1.29,USD,USA,https://audio-ssl.itunes.apple.com/itunes-assets/AudioPreview125/v4/d6/c7/00/d6c7006a-c9fd-6c81-d24b-cc803f645d4a/mzaf_17011455319230473513.plus.aac.p.m4a,https://is1-ssl.mzstatic.com/image/thumb/Music124/v4/73/9e/19/739e195d-a476-7ac9-2d39-e8920f778105/5060781123171.png/100x100bb.jpg
Lofi Study,"Lofi Sleep Chill & Study, Lofi Hip-Hop Beats & Lo-Fi Beats",Lofi Instrumentals,Hip-Hop/Rap,2020-07-23T12:00:00Z,117073,1.29,USD,USA,https://audio-ssl.itunes.apple.com/itunes-assets/AudioPreview125/v4/d6/be/e5/d6bee549-28e7-ab57-c5cb-b2e73d65b71f/mzaf_17416864667653760974.plus.aac.p.m4a,https://is1-ssl.mzstatic.com/image/thumb/Music124/v4/f0/0b/fe/f00bfe55-fb6b-9014-7488-4090fc82b1e5/5060781122419.png/100x100bb.jpg
Lofi Study,"Lofi Sleep Chill & Study, Lofi Hip-Hop Beats & Lo-Fi Beats",Lofi Jazz Cafe,Hip-Hop/Rap,2020-07-23T12:00:00Z,117073,1.29,USD,USA,https://audio-ssl.itunes.apple.com/itunes-assets/AudioPreview125/v4/b8/ac/b2/b8acb2ba-b3ac-6d6b-736c-40031790b0d5/mzaf_14402571476824959157.plus.aac.p.m4a,https://is1-ssl.mzstatic.com/image/thumb/Music124/v4/d0/07/a1/d007a145-4342-e9b8-62b1-6b2a99af677a/5060781121580.png/100x100bb.jpg
Lofi Study,"Lofi Sleep Chill & Study, Lofi Hip-Hop Beats & Lo-Fi Beats",Bedtime Lofi,Hip-Hop/Rap,2020-07-23T12:00:00Z,117073,1.29,USD,USA,https://audio-ssl.itunes.apple.com/itunes-assets/AudioPreview125/v4/eb/5c/d1/eb5cd195-4153-21e7-4ca3-bfee3c97efd9/mzaf_15293458326562579.plus.aac.p.m4a,https://is1-ssl.mzstatic.com/image/thumb/Music124/v4/51/92/7d/51927de3-8eb5-e327-f799-e8178662584b/5060781121627.png/100x100bb.jpg
Lofi Study,"Lofi Sleep Chill & Study, Lofi Hip-Hop Beats & Lo-Fi Beats",Chill Day Vibes,New Age,2020-07-23T12:00:00Z,117073,1.29,USD,USA,https://audio-ssl.itunes.apple.com/itunes-assets/AudioPreview115/v4/91/0c/cf/910ccf21-5919-0cd4-e07d-fc55543e5ac6/mzaf_14464302014249199908.plus.aac.p.m4a,https://is1-ssl.mzstatic.com/image/thumb/Music115/v4/84/aa/f8/84aaf8fb-f5d7-9036-9ab6-d6104c689ec6/5060781128237.png/100x100bb.jpg
Lofi Study,"Lofi Sleep Chill & Study, Lofi Hip-Hop Beats & Lo-Fi Beats",Sleepy Lofi Beats,Hip-Hop/Rap,2020-07-23T12:00:00Z,117073,1.29,USD,USA,https://audio-ssl.itunes.apple.com/itunes-assets/AudioPreview125/v4/25/61/39/256139e2-d1cc-163a-6f6e-09b6c5e17e7c/mzaf_5780692878690264149.plus.aac.p.m4a,https://is1-ssl.mzstatic.com/image/thumb/Music124/v4/7c/19/10/7c191069-cca9-54d0-e84b-4576462d441e/5060781122372.png/100x100bb.jpg
Lofi Study,"Lofi Sleep Chill & Study, Lofi Hip-Hop Beats & Lo-Fi Beats",Lofi Mix,New Age,2020-07-23T12:00:00Z,117073,1.29,USD,USA,https://audio-ssl.itunes.apple.com/itunes-assets/AudioPreview124/v4/0a/41/6f/0a416f82-d3c9-deb1-ebd3-fd1ec53f14d1/mzaf_11283944221344111298.plus.aac.p.m4a,https://is1-ssl.mzstatic.com/image/thumb/Music124/v4/4e/69/8b/4e698ba6-a4b4-7683-b85e-faf04b317c72/5055803577049.png/100x100bb.jpg
Lofi Study,"Lofi Sleep Chill & Study, Lofi Hip-Hop Beats & Lo-Fi Beats",Coding Music,New Age,2020-07-23T12:00:00Z,117073,1.29,USD,USA,https://audio-ssl.itunes.apple.com/itunes-assets/AudioPreview115/v4/d3/36/92/d336922c-a554-8843-089e-7b3cf86709e8/mzaf_6934573772428758171.plus.aac.p.m4a,https://is1-ssl.mzstatic.com/image/thumb/Music114/v4/7a/1c/0c/7a1c0c30-4ab0-ba6c-28cb-856968ac5526/5060781128244.png/100x100bb.jpg
Lofi Study,"Lofi Sleep Chill & Study, Lofi Hip-Hop Beats & Lo-Fi Beats",Lofi Sleep,New Age,2020-07-23T12:00:00Z,117073,1.29,USD,USA,https://audio-ssl.itunes.apple.com/itunes-assets/AudioPreview125/v4/d8/8e/2a/d88e2a46-71c0-cd4d-818f-e7ed6ab85bf5/mzaf_10888565559339768754.plus.aac.p.m4a,https://is1-ssl.mzstatic.com/image/thumb/Music115/v4/07/3a/b3/073ab300-fd3f-b63d-1bf1-ed74f8e50871/5060781128268.png/100x100bb.jpg
LoFi Study,Penicillin MC,"Focus LoFi - Chillhop Chillout to Come Through and Chill, Super Study Hop Beats",Hip-Hop,2019-02-13T12:00:00Z,168954,0.99,USD,USA,https://audio-ssl.itunes.apple.com/itunes-assets/AudioPreview125/v4/06/96/7e/06967efe-e6e2-eeb6-c5b1-d14208903f4f/mzaf_13794231630933551655.plus.aac.p.m4a,https://is1-ssl.mzstatic.com/image/thumb/Music124/v4/e0/b0/bd/e0b0bd13-0f2c-8dfe-6856-5fb4be5fa21f/8033773009019.jpg/100x100bb.jpg
Lofi Study,"Lofi Sleep Chill & Study, Lofi Hip-Hop Beats & Lo-Fi Beats",Lofi Beats to Sleep To,New Age,2020-07-23T12:00:00Z,117073,1.29,USD,USA,https://audio-ssl.itunes.apple.com/itunes-assets/AudioPreview125/v4/8e/99/a5/8e99a579-6a68-70f4-818b-acdb8847c38d/mzaf_6050643552669975590.plus.aac.p.m4a,https://is1-ssl.mzstatic.com/image/thumb/Music124/v4/71/15/c5/7115c542-cf70-35f6-e2e9-d2131ff538a2/5055803554880.png/100x100bb.jpg
Lofi Study,Sad Music,Lofi Hip Hop Music Mix 2021,Hip-Hop/Rap,2021-08-01T12:00:00Z,72000,1.29,USD,USA,https://audio-ssl.itunes.apple.com/itunes-assets/AudioPreview115/v4/76/ea/d6/76ead6ad-f12e-17d7-f4ef-43be62db9229/mzaf_16436879129652705094.plus.aac.p.m4a,https://is1-ssl.mzstatic.com/image/thumb/Music115/v4/74/c8/ac/74c8ac7d-dd92-d681-5a55-68508ba510a8/20309.jpg/100x100bb.jpg
Lofi Study,"Lofi Sleep Chill & Study, Lofi Hip-Hop Beats & Lo-Fi Beats",Chilled Music,New Age,2020-07-23T12:00:00Z,117073,1.29,USD,USA,https://audio-ssl.itunes.apple.com/itunes-assets/AudioPreview115/v4/83/77/1a/83771a10-628a-70be-63b0-6380b400de8e/mzaf_4888439034273697516.plus.aac.p.m4a,https://is1-ssl.mzstatic.com/image/thumb/Music115/v4/df/9c/ba/df9cbaaa-91c7-ff28-e5ad-28701b320a4d/5060781128275.png/100x100bb.jpg
Lofi Study,"Lofi Sleep Chill & Study, Lofi Hip-Hop Beats & Lo-Fi Beats",Lofi Vibes,Hip-Hop/Rap,2020-07-23T12:00:00Z,117073,1.29,USD,USA,https://audio-ssl.itunes.apple.com/itunes-assets/AudioPreview125/v4/65/50/c5/6550c5d9-380a-1a25-4419-3ff8b4a2a90a/mzaf_992058121202205257.plus.aac.p.m4a,https://is1-ssl.mzstatic.com/image/thumb/Music124/v4/66/64/34/66643490-0fb2-b154-b5cc-6e50e6f9bfc6/5060781122389.png/100x100bb.jpg
LoFi Study,Lofi Anime Vibes,Anime Study & LoFi,Electronic,2021-06-10T12:00:00Z,204800,0.99,USD,USA,https://audio-ssl.itunes.apple.com/itunes-assets/AudioPreview115/v4/43/42/6e/43426ef1-bcd3-a237-00f2-f67d2b139b89/mzaf_11875621747706797881.plus.aac.p.m4a,https://is1-ssl.mzstatic.com/image/thumb/Music115/v4/0e/74/87/0e7487ee-0be8-3920-6a74-1919a0028be1/5059806726435_cover.jpg/100x100bb.jpg
Lofi Study,"Lofi Sleep Chill & Study, Lofi Hip-Hop Beats & Lo-Fi Beats",Aesthetic Lofi Vibes,New Age,2020-07-23T12:00:00Z,117073,1.29,USD,USA,https://audio-ssl.itunes.apple.com/itunes-assets/AudioPreview114/v4/39/00/52/39005255-eb7f-c70b-c3b4-958b5a92090a/mzaf_6693933792829957579.plus.aac.p.m4a,https://is1-ssl.mzstatic.com/image/thumb/Music114/v4/e6/b5/49/e6b549b5-359c-b980-ab99-e4fe730250cc/5055803576066.png/100x100bb.jpg
Lofi Study,"Lofi Sleep Chill & Study, Lofi Hip-Hop Beats & Lo-Fi Beats",Relaxing Lofi Beats,Hip-Hop/Rap,2020-07-23T12:00:00Z,117073,1.29,USD,USA,https://audio-ssl.itunes.apple.com/itunes-assets/AudioPreview125/v4/9c/da/37/9cda3729-d176-91df-33aa-59b1e1610b0d/mzaf_8555587540775199240.plus.aac.p.m4a,https://is1-ssl.mzstatic.com/image/thumb/Music124/v4/e3/b5/ba/e3b5baf0-28b5-bcf5-9089-52899f5c2300/5060781121610.png/100x100bb.jpg
Lofi Study,"Lofi Sleep Chill & Study, Lofi Hip-Hop Beats & Lo-Fi Beats",Lofi Beats to Sleep To,Hip-Hop/Rap,2020-07-23T12:00:00Z,117073,1.29,USD,USA,https://audio-ssl.itunes.apple.com/itunes-assets/AudioPreview115/v4/e9/8a/dc/e98adc14-5463-81c3-55b3-dc0eb877de79/mzaf_3405205340259040279.plus.aac.p.m4a,https://is1-ssl.mzstatic.com/image/thumb/Music114/v4/e4/83/53/e48353a6-9a36-6cf2-56a1-39efe082b771/5060781122426.png/100x100bb.jpg
Lofi Study,"Lofi Sleep Chill & Study, Lofi Hip-Hop Beats & Lo-Fi Beats",Lofi Study Vibes,New Age,2020-07-23T12:00:00Z,117073,1.29,USD,USA,https://audio-ssl.itunes.apple.com/itunes-assets/AudioPreview115/v4/49/c7/3e/49c73e15-9980-dd18-d989-297079f32ef2/mzaf_5011374712053742243.plus.aac.p.m4a,https://is1-ssl.mzstatic.com/image/thumb/Music124/v4/1f/2e/46/1f2e4611-8bf6-4746-a0fe-92bc556552e7/5060781128282.png/100x100bb.jpg
Lofi Study,"Lofi Sleep Chill & Study, Lofi Hip-Hop Beats & Lo-Fi Beats",Lofi Beats to Study To,Hip-Hop/Rap,2020-07-23T12:00:00Z,117073,1.29,USD,USA,https://audio-ssl.itunes.apple.com/itunes-assets/AudioPreview115/v4/60/7a/ff/607afffd-c883-21c4-19ba-0145d810c6fe/mzaf_6363137964367457615.plus.aac.p.m4a,https://is1-ssl.mzstatic.com/image/thumb/Music114/v4/ca/5e/f8/ca5ef8d5-c281-93bf-164d-1470618dd989/5060781121559.png/100x100bb.jpg
Lofi Study,"Lofi Sleep Chill & Study, Lofi Hip-Hop Beats & Lo-Fi Beats",Chill Lofi Beats,Hip-Hop/Rap,2020-07-23T12:00:00Z,117073,1.29,USD,USA,https://audio-ssl.itunes.apple.com/itunes-assets/AudioPreview125/v4/e9/fc/32/e9fc321b-4df3-10fa-b38c-7b9f96cdc5b6/mzaf_12374512859751022552.plus.aac.p.m4a,https://is1-ssl.mzstatic.com/image/thumb/Music114/v4/3a/fd/a3/3afda329-9572-0c3b-a309-3194228db0da/5060781121573.png/100x100bb.jpg
Lofi Study,"Lofi Sleep Chill & Study, Lofi Hip-Hop Beats & Lo-Fi Beats",Late Night Study Beats,Hip-Hop/Rap,2020-07-23T12:00:00Z,117073,1.29,USD,USA,https://audio-ssl.itunes.apple.com/itunes-assets/AudioPreview115/v4/be/a1/0a/bea10a85-c05d-8979-8282-88c80783268c/mzaf_12278017804296981648.plus.aac.p.m4a,https://is1-ssl.mzstatic.com/image/thumb/Music114/v4/0d/b5/53/0db55383-3469-0e93-5fd1-9a2fc76584d9/5060781122402.png/100x100bb.jpg
Lofi Study,Fassounds,Morning Session,Electronic,2022-05-19T12:00:00Z,147200,0.99,USD,USA,https://audio-ssl.itunes.apple.com/itunes-assets/AudioPreview221/v4/28/21/35/28213533-b19c-07c2-1947-77fde41f7795/mzaf_15849372607694240270.plus.aac.p.m4a,https://is1-ssl.mzstatic.com/image/thumb/Music221/v4/45/ef/18/45ef18bc-cfc7-9488-3309-7eaffd6736bd/67355.jpg/100x100bb.jpg
Lofi Study,"Lofi Sleep Chill & Study, Lofi Hip-Hop Beats & Lo-Fi Beats",Lofi Beats to Sleep To,New Age,2020-07-23T12:00:00Z,117073,1.29,USD,USA,https://audio-ssl.itunes.apple.com/itunes-assets/AudioPreview125/v4/53/39/d5/5339d58a-7cf4-5013-4a08-36e54efe41ad/mzaf_15771289780404483698.plus.aac.p.m4a,https://is1-ssl.mzstatic.com/image/thumb/Music124/v4/20/9f/2d/209f2da4-ad91-65c2-167d-41ccfb31d4ee/5060781128213.png/100x100bb.jpg
Lofi Study,"Lofi Sleep Chill & Study, Lofi Hip-Hop Beats & Lo-Fi Beats",Hip Hop Lofi,Hip-Hop/Rap,2020-07-23T12:00:00Z,117073,1.29,USD,USA,https://audio-ssl.itunes.apple.com/itunes-assets/AudioPreview125/v4/a7/c4/58/a7c458ac-2d01-18c2-b49a-50ca0dcbb629/mzaf_5116250996863212221.plus.aac.p.m4a,https://is1-ssl.mzstatic.com/image/thumb/Music124/v4/77/27/e8/7727e8ba-26a6-fd86-0c8a-b39b976c9e47/5060781122433.png/100x100bb.jpg
Lofi Study,"Lofi Sleep Chill & Study, Lofi Hip-Hop Beats & Lo-Fi Beats",Chillout Lofi Beats,Hip-Hop/Rap,2020-07-23T12:00:00Z,117073,1.29,USD,USA,https://audio-ssl.itunes.apple.com/itunes-assets/AudioPreview125/v4/05/e0/b0/05e0b064-a19c-3bd6-9adf-6ab0dce0d32e/mzaf_3786966409397527413.plus.aac.p.m4a,https://is1-ssl.mzstatic.com/image/thumb/Music125/v4/11/90/91/1190914b-463e-6ebe-4efd-1c1121826884/5060781122396.png/100x100bb.jpg
Lofi Study (Instrumental),"Lofi Hip-Hop Beats, Beats De Rap & Lo-Fi Beats",Lofi Hip Hop Chill Study Beats,Hip-Hop/Rap,2021-06-01T12:00:00Z,82077,1.29,USD,USA,https://audio-ssl.itunes.apple.com/itunes-assets/AudioPreview125/v4/61/bb/b5/61bbb54b-97c0-c6fd-6293-4bb6192d575c/mzaf_13163326433204756317.plus.aac.p.m4a,https://is1-ssl.mzstatic.com/image/thumb/Music125/v4/93/3e/fd/933efd96-98eb-bd6f-321e-cfd3322ca007/18900.jpg/100x100bb.jpg
Lofi Study,Lofi Hip-Hop Chillout Beats,Lo-Fi Chill Wave Beats to Study and Relax,New Age,2022-01-25T12:00:00Z,228000,0.99,USD,USA,https://audio-ssl.itunes.apple.com/itunes-assets/AudioPreview126/v4/ca/53/ff/ca53ff36-d39a-5e70-009e-f92e604330b1/mzaf_11943798523636553288.plus.aac.p.m4a,https://is1-ssl.mzstatic.com/image/thumb/Music126/v4/b8/ea/24/b8ea2458-d8c7-9851-b70e-0e9a1f1ed5cd/5904195519437.jpg/100x100bb.jpg
Lofi Study,Sad Music,Lofi HipHop Beats To Sleep and Study To - Lofi Radio 247,Hip-Hop/Rap,2021-12-05T12:00:00Z,63496,1.29,USD,USA,https://audio-ssl.itunes.apple.com/itunes-assets/AudioPreview116/v4/3f/3d/74/3f3d747f-a66b-23bf-6ccf-51ffc32e2ff3/mzaf_317638574289353308.plus.aac.p.m4a,https://is1-ssl.mzstatic.com/image/thumb/Music116/v4/77/35/a4/7735a4e8-0e03-600d-a175-d1a82b19a979/24343.jpg/100x100bb.jpg
LoFi Study,Anime Lofi & Lofi Music Lounge,LoFi Study,Hip-Hop/Rap,2022-09-15T12:00:00Z,182857,0.99,USD,USA,https://audio-ssl.itunes.apple.com/itunes-assets/AudioPreview112/v4/b7/b8/ef/b7b8ef53-1a3f-64c1-7a4a-2dc8a91bdcee/mzaf_10320235292480220488.plus.aac.p.m4a,https://is1-ssl.mzstatic.com/image/thumb/Music122/v4/7d/41/84/7d41846c-0a9c-ad16-3a73-bfd81cac85a0/cover.jpg/100x100bb.jpg
Lofi Study,"Lofi Sleep Chill & Study, Lofi Hip-Hop Beats & Lo-Fi Beats",Chill Vibes,Hip-Hop/Rap,2020-07-23T12:00:00Z,117073,1.29,USD,USA,https://audio-ssl.itunes.apple.com/itunes-assets/AudioPreview115/v4/78/88/99/78889925-7d90-c60a-9cc2-36fa465893f4/mzaf_14302715083220556532.plus.aac.p.m4a,https://is1-ssl.mzstatic.com/image/thumb/Music124/v4/7e/77/b8/7e77b8df-8596-bcb7-7015-60d8bf41a810/5060781121597.png/100x100bb.jpg
Lofi Study,"Lofi Sleep Chill & Study, Lofi Hip-Hop Beats & Lo-Fi Beats",Lofi Hip - Hop,Hip-Hop/Rap,2020-07-23T12:00:00Z,117073,1.29,USD,USA,https://audio-ssl.itunes.apple.com/itunes-assets/AudioPreview114/v4/4e/37/3d/4e373d9e-3b4b-dfb3-8b13-b339117fc9a8/mzaf_18273095864300997837.plus.aac.p.m4a,https://is1-ssl.mzstatic.com/image/thumb/Music114/v4/74/ff/a5/74ffa554-83b8-97a8-7484-86e38aeb34b2/5060781121566.png/100x100bb.jpg
Lofi Study,Sad Music,Chill Sleep Music - Lofi HipHop Beats To Relax To,Hip-Hop/Rap,2021-09-05T12:00:00Z,81818,1.29,USD,USA,https://audio-ssl.itunes.apple.com/itunes-assets/AudioPreview115/v4/04/00/b5/0400b53a-5e88-1e1b-1ff1-ba063a86fb94/mzaf_11714344976541003193.plus.aac.p.m4a,https://is1-ssl.mzstatic.com/image/thumb/Music115/v4/4d/86/a9/4d86a933-da98-1c7a-10b6-7e8105f03dcd/20581.jpg/100x100bb.jpg
Lofi Study,"Lofi Sleep Chill & Study, Lofi Hip-Hop Beats & Lo-Fi Beats",Lofi Instrumentals,Hip-Hop/Rap,2020-07-23T12:00:00Z,117073,1.29,USD,USA,https://audio-ssl.itunes.apple.com/itunes-assets/AudioPreview125/v4/c4/4e/d4/c44ed4e2-4461-36ff-13b8-8f627392ff7f/mzaf_9459852195309801694.plus.aac.p.m4a,https://is1-ssl.mzstatic.com/image/thumb/Music124/v4/88/ad/08/88ad084c-4f56-70f6-527b-1acb14b77534/5060781121603.png/100x100bb.jpg
Lofi Study,"Lofi Sleep Chill & Study, Lofi Hip-Hop Beats & Lo-Fi Beats",Chill Lofi Hip - Hop,New Age,2020-07-23T12:00:00Z,117073,1.29,USD,USA,https://audio-ssl.itunes.apple.com/itunes-assets/AudioPreview125/v4/ee/51/02/ee510292-b107-6a4d-c357-26bd1ccabf50/mzaf_5522191240524815025.plus.aac.p.m4a,https://is1-ssl.mzstatic.com/image/thumb/Music114/v4/a9/8f/a3/a98fa3df-e7d5-7fee-056a-772993b78d75/5060781128251.png/100x100bb.jpg
Lofi Study,"Lofi Sleep Chill & Study, Lofi Hip-Hop Beats & Lo-Fi Beats",Lofi Jazz,New Age,2020-07-23T12:00:00Z,117073,1.29,USD,USA,https://audio-ssl.itunes.apple.com/itunes-assets/AudioPreview124/v4/59/da/f2/59daf21b-6ff7-8637-0d97-74ee6faef329/mzaf_12197176528223225351.plus.aac.p.m4a,https://is1-ssl.mzstatic.com/image/thumb/Music114/v4/80/6b/10/806b10ab-c4b7-2861-5270-cf0ab8ad472c/5055803576059.png/100x100bb.jpg
Lofi Study,Lofi Bedroom,Lofi Study,Hip-Hop/Rap,2023-02-08T12:00:00Z,155294,0.99,USD,USA,https://audio-ssl.itunes.apple.com/itunes-assets/AudioPreview126/v4/2b/39/25/2b3925f4-f2a0-793b-eef4-76735c313e4d/mzaf_15528672024153693086.plus.aac.p.m4a,https://is1-ssl.mzstatic.com/image/thumb/Music126/v4/17/f3/21/17f32145-61c1-ac1c-e5c7-80d44764f66b/artwork.jpg/100x100bb.jpg
Lofi Study,"Lofi Hip-Hop Beats, Beats De Rap & Lo-Fi Beats",Lofi Hiphop Radio Mix 24/7,Hip-Hop/Rap,2021-07-31T12:00:00Z,143144,1.29,USD,USA,https://audio-ssl.itunes.apple.com/itunes-assets/AudioPreview115/v4/f5/48/81/f54881fd-3a0a-c9a8-77b2-f886284e4b38/mzaf_13331432611839769820.plus.aac.p.m4a,https://is1-ssl.mzstatic.com/image/thumb/Music115/v4/21/04/ff/2104ffc7-43cc-2c50-272f-a5a14dd997d1/19947.jpg/100x100bb.jpg
Lofi Study,Lo-fi Chill Zone,Lofi Sleep Chill and Study,Electronic,2022-11-08T12:00:00Z,204801,0.69,USD,USA,https://audio-ssl.itunes.apple.com/itunes-assets/AudioPreview122/v4/22/ac/71/22ac7153-2769-8e2f-ef32-22434cc2b592/mzaf_16203759486403500800.plus.aac.p.m4a,https://is1-ssl.mzstatic.com/image/thumb/Music112/v4/32/89/34/32893412-a83a-7933-af99-cca7676ac385/5904195753701.png/100x100bb.jpg
Lofi Study,"Lofi Sleep Chill & Study, Lofi Hip-Hop Beats & Lo-Fi Beats",Chill Night Vibes,New Age,2020-07-23T12:00:00Z,117073,1.29,USD,USA,https://audio-ssl.itunes.apple.com/itunes-assets/AudioPreview115/v4/3d/d8/7b/3dd87b26-5415-d3d0-e0a0-701648b11ea5/mzaf_15325577851925678947.plus.aac.p.m4a,https://is1-ssl.mzstatic.com/image/thumb/Music124/v4/cd/f5/96/cdf59699-eba4-98fc-724c-70476cbc1c18/5060781128220.png/100x100bb.jpg
Study Beat,Lofi Study,Relaxing Beats 2021,Hip-Hop/Rap,2021-06-05T12:00:00Z,120000,1.29,USD,USA,https://audio-ssl.itunes.apple.com/itunes-assets/AudioPreview115/v4/2a/11/a3/2a11a320-bb34-a6a9-579c-71ad7e79fb98/mzaf_9316904458387802270.plus.aac.p.m4a,https://is1-ssl.mzstatic.com/image/thumb/Music125/v4/6b/e2/64/6be264c7-1a2a-e04b-7e99-9ee777644e1a/7330065105710.png/100x100bb.jpg
Lofi Study,"Lofi Tokyo, HIP-HOP LOFI & Lofi Sleep",LoFi Hypnotized Beats,Hip-Hop/Rap,2021-03-13T12:00:00Z,64000,1.29,USD,USA,https://audio-ssl.itunes.apple.com/itunes-assets/AudioPreview124/v4/84/b8/44/84b8441a-ca25-f373-ba6c-0d51f32eaa81/mzaf_10988010964475861207.plus.aac.p.m4a,https://is1-ssl.mzstatic.com/image/thumb/Music124/v4/6e/56/44/6e564498-beec-3394-6522-d8ec230e7ca2/17474.jpg/100x100bb.jpg
Chillin,Lofi Study,Relaxing Beats 2021,Hip-Hop/Rap,2021-06-05T12:00:00Z,131749,1.29,USD,USA,https://audio-ssl.itunes.apple.com/itunes-assets/AudioPreview115/v4/17/ce/37/17ce3758-1127-60b8-37d5-590d52f01d1b/mzaf_3040761602429062905.plus.aac.p.m4a,https://is1-ssl.mzstatic.com/image/thumb/Music125/v4/6b/e2/64/6be264c7-1a2a-e04b-7e99-9ee777644e1a/7330065105710.png/100x100bb.jpg
Lofi Study,Chill And Study,Sad Days,Hip-Hop/Rap,2023-06-30T12:00:00Z,252000,0.99,USD,USA,https://audio-ssl.itunes.apple.com/itunes-assets/AudioPreview116/v4/9e/e2/e3/9ee2e3b9-668b-d93c-03ab-8b4f16acd364/mzaf_2728414829691803610.plus.aac.p.m4a,https://is1-ssl.mzstatic.com/image/thumb/Music126/v4/84/fc/1e/84fc1e91-3afd-6eb3-20f7-e715910313ff/859775441811_cover.jpg/100x100bb.jpg
Touch My Life,Lofi Study,Take My Love,Hip-Hop/Rap,2022-02-13T12:00:00Z,120141,1.29,USD,USA,https://audio-ssl.itunes.apple.com/itunes-assets/AudioPreview126/v4/34/34/92/343492af-c576-5b64-c29a-855a85400e46/mzaf_16341524489038217986.plus.aac.p.m4a,https://is1-ssl.mzstatic.com/image/thumb/Music116/v4/92/8c/84/928c849a-3f52-1f06-5d87-22d44a31d020/5056192841797.jpg/100x100bb.jpg
My Story,Lofi Study,Take My Love,Hip-Hop/Rap,2022-02-13T12:00:00Z,128258,1.29,USD,USA,https://audio-ssl.itunes.apple.com/itunes-assets/AudioPreview126/v4/74/ae/4d/74ae4d8e-80e4-8d04-4c55-f9aac4bbc244/mzaf_11433654966271343640.plus.aac.p.m4a,https://is1-ssl.mzstatic.com/image/thumb/Music116/v4/92/8c/84/928c849a-3f52-1f06-5d87-22d44a31d020/5056192841797.jpg/100x100bb.jpg
Unfair,Lofi Study,You & Me,Hip-Hop/Rap,2022-02-28T12:00:00Z,121925,1.29,USD,USA,https://audio-ssl.itunes.apple.com/itunes-assets/AudioPreview126/v4/c4/4f/02/c44f026b-72fe-ae34-4702-0626be234b04/mzaf_18338203058571522503.plus.aac.p.m4a,https://is1-ssl.mzstatic.com/image/thumb/Music126/v4/95/15/86/951586f7-9b33-bbcc-e949-c421992f5ef5/5056192842770.jpg/100x100bb.jpg
Majesty,Lofi Study,Majesty,Hip-Hop/Rap,2022-01-31T12:00:00Z,121804,1.29,USD,USA,https://audio-ssl.itunes.apple.com/itunes-assets/AudioPreview116/v4/ac/33/99/ac33998e-96c8-b5d9-d281-3ffeb91c0e57/mzaf_14407016439385053936.plus.aac.p.m4a,https://is1-ssl.mzstatic.com/image/thumb/Music116/v4/e4/2c/95/e42c95c6-0fee-328d-e72a-4a55ee17fb28/5056192841179.jpg/100x100bb.jpg
Broken Love,Lofi Study,Take My Love,Hip-Hop/Rap,2022-02-13T12:00:00Z,129738,1.29,USD,USA,https://audio-ssl.itunes.apple.com/itunes-assets/AudioPreview116/v4/88/1f/ed/881fed6b-7662-7ff3-9ad2-ca367678374a/mzaf_579601444963772510.plus.aac.p.m4a,https://is1-ssl.mzstatic.com/image/thumb/Music116/v4/92/8c/84/928c849a-3f52-1f06-5d87-22d44a31d020/5056192841797.jpg/100x100bb.jpg
LoFi Study (Lofi Jazz Rain Sounds),Lo-Fi Rain Beats,Lo-Fi Reiki Jazz Music and Soothing Sounds of Nature,Easy Listening,2023-11-11T12:00:00Z,211085,1.29,USD,USA,https://audio-ssl.itunes.apple.com/itunes-assets/AudioPreview126/v4/28/a5/a2/28a5a229-e818-111d-ac42-c82bb7609caa/mzaf_7274290712680708063.plus.aac.p.m4a,https://is1-ssl.mzstatic.com/image/thumb/Music116/v4/d1/a0/b6/d1a0b63d-e589-2573-c25b-fb82740cd081/5905802995965.jpg/100x100bb.jpg
Wait Up,Lofi Study,You & Me,Hip-Hop/Rap,2022-02-28T12:00:00Z,128115,1.29,USD,USA,https://audio-ssl.itunes.apple.com/itunes-assets/AudioPreview116/v4/6a/9b/71/6a9b715a-0201-3d87-09e4-2c963ba13ae7/mzaf_3696614802267646451.plus.aac.p.m4a,https://is1-ssl.mzstatic.com/image/thumb/Music126/v4/95/15/86/951586f7-9b33-bbcc-e949-c421992f5ef5/5056192842770.jpg/100x100bb.jpg
Cold Blood,Lofi Study,Tranquility,Hip-Hop/Rap,2022-06-13T12:00:00Z,147081,1.29,USD,USA,https://audio-ssl.itunes.apple.com/itunes-assets/AudioPreview122/v4/6c/b3/97/6cb39722-7f9d-ca08-10c6-2b0462b8027d/mzaf_17152913508073712217.plus.aac.p.m4a,https://is1-ssl.mzstatic.com/image/thumb/Music122/v4/84/d6/06/84d6060b-77dc-b8a0-1356-4fe8372d535c/5056192847454.jpg/100x100bb.jpg
Moon Man,Lofi Study,Majesty,Hip-Hop/Rap,2022-01-31T12:00:00Z,120258,1.29,USD,USA,https://audio-ssl.itunes.apple.com/itunes-assets/AudioPreview126/v4/7c/1f/5a/7c1f5af9-51ad-84b3-c288-8e1752ff227d/mzaf_2294698019159227319.plus.aac.p.m4a,https://is1-ssl.mzstatic.com/image/thumb/Music116/v4/e4/2c/95/e42c95c6-0fee-328d-e72a-4a55ee17fb28/5056192841179.jpg/100x100bb.jpg
LoFi Study,Kenska,Study Break,Hip-Hop/Rap,2021-06-25T12:00:00Z,195008,0.99,USD,USA,https://audio-ssl.itunes.apple.com/itunes-assets/AudioPreview125/v4/b1/99/2e/b1992ef2-1ee9-972c-3834-40b6c68308c8/mzaf_1070254664316580895.plus.aac.p.m4a,https://is1-ssl.mzstatic.com/image/thumb/Music125/v4/e0/b2/ed/e0b2ed6e-58f8-4b0a-d453-03a7624a1493/artwork.jpg/100x100bb.jpg
LoFi Study,Lofi Chillhop Hip-Hop Beats,Lofi Study Beats: IQ Booster - Chillwave Lo Fi Hip Hop,Instrumental,2021-07-23T12:00:00Z,270414,0.99,USD,USA,https://audio-ssl.itunes.apple.com/itunes-assets/AudioPreview116/v4/c8/da/d6/c8dad6a1-4479-a66a-4f89-705101aa232e/mzaf_12328110183086042630.plus.aac.p.m4a,https://is1-ssl.mzstatic.com/image/thumb/Music116/v4/40/f0/ca/40f0cae7-f61d-f7a8-ef99-14b19caedb82/5904195471902.jpg/100x100bb.jpg
Lofi Study,Sleeping Bean,LoFi Beats to Study 1.0 - EP,Hip-Hop/Rap,2025-07-11T12:00:00Z,135800,0.99,USD,USA,https://audio-ssl.itunes.apple.com/itunes-assets/AudioPreview221/v4/41/6d/76/416d765f-ad8f-ca23-e0d6-d9f74e106076/mzaf_5003558131511789635.plus.aac.p.m4a,https://is1-ssl.mzstatic.com/image/thumb/Music211/v4/d6/98/3b/d6983bde-b983-e995-6d3f-ee5a48a94899/artwork.jpg/100x100bb.jpg
Never Considered,Lofi Study,Majesty,Hip-Hop/Rap,2022-01-31T12:00:00Z,128058,1.29,USD,USA,https://audio-ssl.itunes.apple.com/itunes-assets/AudioPreview116/v4/af/ac/66/afac663a-4b77-e7cc-ffb1-6628c894ce40/mzaf_1680756344846037399.plus.aac.p.m4a,https://is1-ssl.mzstatic.com/image/thumb/Music116/v4/e4/2c/95/e42c95c6-0fee-328d-e72a-4a55ee17fb28/5056192841179.jpg/100x100bb.jpg
Lofi Study (feat. Tuyo Music & 3D Tunes) [3D Tunes Remix],HFOL,Lofi Study (3D Tunes Remix) [feat. Tuyo Music & 3D Tunes] - Single,Hip-Hop/Rap,2022-02-04T12:00:00Z,85201,0.99,USD,USA,https://audio-ssl.itunes.apple.com/itunes-assets/AudioPreview125/v4/3a/74/66/3a7466c9-14b1-371e-096e-ee857a57345c/mzaf_14328249952816503819.plus.aac.p.m4a,https://is1-ssl.mzstatic.com/image/thumb/Music115/v4/43/1c/34/431c34ca-6717-4e1e-c2cb-0ca5b4814264/cover.jpg/100x100bb.jpg
The Future,Lofi Study,Majesty,Hip-Hop/Rap,2022-01-31T12:00:00Z,135787,1.29,USD,USA,https://audio-ssl.itunes.apple.com/itunes-assets/AudioPreview126/v4/b4/11/0f/b4110f53-3dfd-6686-4eff-9595b129c913/mzaf_10476148980731071724.plus.aac.p.m4a,https://is1-ssl.mzstatic.com/image/thumb/Music116/v4/e4/2c/95/e42c95c6-0fee-328d-e72a-4a55ee17fb28/5056192841179.jpg/100x100bb.jpg
Tranquility,Lofi Study,Tranquility,Hip-Hop/Rap,2022-06-13T12:00:00Z,139924,1.29,USD,USA,https://audio-ssl.itunes.apple.com/itunes-assets/AudioPreview122/v4/5e/d3/57/5ed35719-b893-dabe-7597-f761872c1e82/mzaf_9037614223355675061.plus.aac.p.m4a,https://is1-ssl.mzstatic.com/image/thumb/Music122/v4/84/d6/06/84d6060b-77dc-b8a0-1356-4fe8372d535c/5056192847454.jpg/100x100bb.jpg
Deep Sleep,Lofi Study,Tranquility,Hip-Hop/Rap,2022-06-13T12:00:00Z,158260,1.29,USD,USA,https://audio-ssl.itunes.apple.com/itunes-assets/AudioPreview112/v4/fd/94/cf/fd94cf35-fdfa-6e12-a67b-103999ac07ff/mzaf_7977114914315304861.plus.aac.p.m4a,https://is1-ssl.mzstatic.com/image/thumb/Music122/v4/84/d6/06/84d6060b-77dc-b8a0-1356-4fe8372d535c/5056192847454.jpg/100x100bb.jpg
Back To You,Lofi Study,Take My Love,Hip-Hop/Rap,2022-02-13T12:00:00Z,124756,1.29,USD,USA,https://audio-ssl.itunes.apple.com/itunes-assets/AudioPreview126/v4/2c/17/57/2c175775-a8b5-525d-6574-6cf16e27ed7a/mzaf_3585797694919074723.plus.aac.p.m4a,https://is1-ssl.mzstatic.com/image/thumb/Music116/v4/92/8c/84/928c849a-3f52-1f06-5d87-22d44a31d020/5056192841797.jpg/100x100bb.jpg
What For Then,Lofi Study,Take My Love,Hip-Hop/Rap,2022-02-13T12:00:00Z,121981,1.29,USD,USA,https://audio-ssl.itunes.apple.com/itunes-assets/AudioPreview116/v4/ed/aa/a0/edaaa054-940d-7c39-58d7-143aa0ddcf3c/mzaf_5874006487381130230.plus.aac.p.m4a,https://is1-ssl.mzstatic.com/image/thumb/Music116/v4/92/8c/84/928c849a-3f52-1f06-5d87-22d44a31d020/5056192841797.jpg/100x100bb.jpg
Charmed,Lofi Study,Tranquility,Hip-Hop/Rap,2022-06-13T12:00:00Z,128283,1.29,USD,USA,https://audio-ssl.itunes.apple.com/itunes-assets/AudioPreview112/v4/44/73/73/44737329-d2dc-5e29-a106-d52018e69d03/mzaf_569392484839472518.plus.aac.p.m4a,https://is1-ssl.mzstatic.com/image/thumb/Music122/v4/84/d6/06/84d6060b-77dc-b8a0-1356-4fe8372d535c/5056192847454.jpg/100x100bb.jpg
Just Relax,Lofi Study,Tranquility,Hip-Hop/Rap,2022-06-13T12:00:00Z,193425,1.29,USD,USA,https://audio-ssl.itunes.apple.com/itunes-assets/AudioPreview122/v4/b7/43/36/b7433635-3a28-9623-26c2-12ca74dd27eb/mzaf_5749551607340211832.plus.aac.p.m4a,https://is1-ssl.mzstatic.com/image/thumb/Music122/v4/84/d6/06/84d6060b-77dc-b8a0-1356-4fe8372d535c/5056192847454.jpg/100x100bb.jpg
Work Mood,StudyWork,Lofi Study,Hip-Hop/Rap,2025-10-24T12:00:00Z,138182,0.99,USD,USA,https://audio-ssl.itunes.apple.com/itunes-assets/AudioPreview211/v4/65/1b/18/651b1848-5445-5105-68e6-65616620901b/mzaf_9138870189882238819.plus.aac.p.m4a,https://is1-ssl.mzstatic.com/image/thumb/Music221/v4/ce/fe/88/cefe88f7-f098-a1d0-1488-aaf5a635a39d/artwork.jpg/100x100bb.jpg
Farewell,Lofi Study,Tranquility,Hip-Hop/Rap,2022-06-13T12:00:00Z,137157,1.29,USD,USA,https://audio-ssl.itunes.apple.com/itunes-assets/AudioPreview122/v4/84/6a/16/846a16d1-1514-0b80-5af0-2bf2d4c184fe/mzaf_3763261140774581188.plus.aac.p.m4a,https://is1-ssl.mzstatic.com/image/thumb/Music122/v4/84/d6/06/84d6060b-77dc-b8a0-1356-4fe8372d535c/5056192847454.jpg/100x100bb.jpg
Crazy,Lofi Study,You & Me,Hip-Hop/Rap,2022-02-28T12:00:00Z,118413,1.29,USD,USA,https://audio-ssl.itunes.apple.com/itunes-assets/AudioPreview116/v4/2a/7d/16/2a7d16a6-253e-45d7-4065-0633c53e4aff/mzaf_7034114743607895911.plus.aac.p.m4a,https://is1-ssl.mzstatic.com/image/thumb/Music126/v4/95/15/86/951586f7-9b33-bbcc-e949-c421992f5ef5/5056192842770.jpg/100x100bb.jpg
Easy Going,Lofi Study,Tranquility,Hip-Hop/Rap,2022-06-13T12:00:00Z,123920,1.29,USD,USA,https://audio-ssl.itunes.apple.com/itunes-assets/AudioPreview122/v4/3e/15/2d/3e152db5-ef95-83d2-ecff-c8e0f29a2277/mzaf_16473770192796770920.plus.aac.p.m4a,https://is1-ssl.mzstatic.com/image/thumb/Music122/v4/84/d6/06/84d6060b-77dc-b8a0-1356-4fe8372d535c/5056192847454.jpg/100x100bb.jpg
On the Way,Lofi Study,Tranquility,Hip-Hop/Rap,2022-06-13T12:00:00Z,178063,1.29,USD,USA,https://audio-ssl.itunes.apple.com/itunes-assets/AudioPreview112/v4/7f/2e/9c/7f2e9c3c-8986-1972-6582-4cb61b3830e0/mzaf_8561773388626622269.plus.aac.p.m4a,https://is1-ssl.mzstatic.com/image/thumb/Music122/v4/84/d6/06/84d6060b-77dc-b8a0-1356-4fe8372d535c/5056192847454.jpg/100x100bb.jpg
Curse,Lofi Study,You & Me,Hip-Hop/Rap,2022-02-28T12:00:00Z,87330,1.29,USD,USA,https://audio-ssl.itunes.apple.com/itunes-assets/AudioPreview116/v4/27/bc/32/27bc3223-b23b-4892-3336-4f0ea783fb63/mzaf_8123317408202181650.plus.aac.p.m4a,https://is1-ssl.mzstatic.com/image/thumb/Music126/v4/95/15/86/951586f7-9b33-bbcc-e949-c421992f5ef5/5056192842770.jpg/100x100bb.jpg
Dry and Dusty,Lofi Study,You & Me,Hip-Hop/Rap,2022-02-28T12:00:00Z,92923,1.29,USD,USA,https://audio-ssl.itunes.apple.com/itunes-assets/AudioPreview126/v4/61/9c/ab/619cab11-d4b6-5436-6a42-93c2873abfba/mzaf_7475319569164737510.plus.aac.p.m4a,https://is1-ssl.mzstatic.com/image/thumb/Music126/v4/95/15/86/951586f7-9b33-bbcc-e949-c421992f5ef5/5056192842770.jpg/100x100bb.jpg
Free Time,Lofi Study,Tranquility,Hip-Hop/Rap,2022-06-13T12:00:00Z,136548,1.29,USD,USA,https://audio-ssl.itunes.apple.com/itunes-assets/AudioPreview122/v4/73/d7/1a/73d71aad-7b65-e00c-55b0-b767724b01dc/mzaf_9793533746772436516.plus.aac.p.m4a,https://is1-ssl.mzstatic.com/image/thumb/Music122/v4/84/d6/06/84d6060b-77dc-b8a0-1356-4fe8372d535c/5056192847454.jpg/100x100bb.jpg
Lay Your Heart,Lofi Study,Take My Love,Hip-Hop/Rap,2022-02-13T12:00:00Z,121535,1.29,USD,USA,https://audio-ssl.itunes.apple.com/itunes-assets/AudioPreview116/v4/1a/fd/27/1afd2755-2ebd-7910-f960-986303e22236/mzaf_14500761027768954987.plus.aac.p.m4a,https://is1-ssl.mzstatic.com/image/thumb/Music116/v4/92/8c/84/928c849a-3f52-1f06-5d87-22d44a31d020/5056192841797.jpg/100x100bb.jpg
Sweet Illusion,Lofi Study,Tranquility,Hip-Hop/Rap,2022-06-13T12:00:00Z,144289,1.29,USD,USA,https://audio-ssl.itunes.apple.com/itunes-assets/AudioPreview112/v4/1d/74/e8/1d74e8ed-28a6-24de-44fb-0e75771870b6/mzaf_15957025275395180307.plus.aac.p.m4a,https://is1-ssl.mzstatic.com/image/thumb/Music122/v4/84/d6/06/84d6060b-77dc-b8a0-1356-4fe8372d535c/5056192847454.jpg/100x100bb.jpg
Take My Love,Lofi Study,Take My Love,Hip-Hop/Rap,2022-02-13T12:00:00Z,126332,1.29,USD,USA,https://audio-ssl.itunes.apple.com/itunes-assets/AudioPreview116/v4/1f/c1/c9/1fc1c973-41cc-41f0-8a10-ac7c5c6fecf1/mzaf_12142710571225628549.plus.aac.p.m4a,https://is1-ssl.mzstatic.com/image/thumb/Music116/v4/92/8c/84/928c849a-3f52-1f06-5d87-22d44a31d020/5056192841797.jpg/100x100bb.jpg
LoFi Study,"LoFi Study Hall, Camp LoFi & Sugar LoFi",Sweet Beats,Ambient,2022-09-14T12:00:00Z,137600,1.29,USD,USA,https://audio-ssl.itunes.apple.com/itunes-assets/AudioPreview112/v4/a1/89/75/a189758f-af43-8f63-8686-d2181d51ff1b/mzaf_6532167033717612028.plus.aac.p.m4a,https://is1-ssl.mzstatic.com/image/thumb/Music112/v4/8c/3b/f7/8c3bf7c9-e67c-e42d-4cfd-e62fb8b93088/65086.jpg/100x100bb.jpg
LoFi Study (Calm Beats),LoFi Ambient Room,LoFi Study & Focus,Downtempo,2026-04-23T12:00:00Z,122400,0.99,USD,USA,https://audio-ssl.itunes.apple.com/itunes-assets/AudioPreview211/v4/f5/ec/d7/f5ecd710-3fb3-f0b1-52c6-734a870c4aee/mzaf_5683523115495990706.plus.aac.p.m4a,https://is1-ssl.mzstatic.com/image/thumb/Music211/v4/f3/eb/fa/f3ebfaaf-702d-f292-a19d-07058166b5fa/artwork.jpg/100x100bb.jpg
Worry Free,Lofi Study,Take My Love,Hip-Hop/Rap,2022-02-13T12:00:00Z,131515,1.29,USD,USA,https://audio-ssl.itunes.apple.com/itunes-assets/AudioPreview116/v4/4c/95/90/4c959040-39d3-985a-48f9-e53c1060690e/mzaf_2271085983838387791.plus.aac.p.m4a,https://is1-ssl.mzstatic.com/image/thumb/Music116/v4/92/8c/84/928c849a-3f52-1f06-5d87-22d44a31d020/5056192841797.jpg/100x100bb.jpg
Face to Face,Lofi Study,You & Me,Hip-Hop/Rap,2022-02-28T12:00:00Z,84991,1.29,USD,USA,https://audio-ssl.itunes.apple.com/itunes-assets/AudioPreview126/v4/87/d2/8d/87d28d1e-51d3-4b53-f87d-caa6f5441144/mzaf_9199654833227009303.plus.aac.p.m4a,https://is1-ssl.mzstatic.com/image/thumb/Music126/v4/95/15/86/951586f7-9b33-bbcc-e949-c421992f5ef5/5056192842770.jpg/100x100bb.jpg
Lofi Study,Relaxed Lofi Study,Autumn Activities (Lofi Study),Instrumental,2024-07-31T12:00:00Z,194105,0.69,USD,USA,https://audio-ssl.itunes.apple.com/itunes-assets/AudioPreview211/v4/51/81/29/51812957-4eb7-161c-c7c3-c33dc93a5be2/mzaf_15930788898368592345.plus.aac.p.m4a,https://is1-ssl.mzstatic.com/image/thumb/Music221/v4/ec/eb/8a/eceb8a03-8bf0-dd42-bf34-3ff2d58bc661/5904195311253.png/100x100bb.jpg
New Timeline,Lofi Study,You & Me,Hip-Hop/Rap,2022-02-28T12:00:00Z,90020,1.29,USD,USA,https://audio-ssl.itunes.apple.com/itunes-assets/AudioPreview116/v4/ad/02/3c/ad023c49-30dc-7851-5b5e-e8776eb280b5/mzaf_5310836131721362167.plus.aac.p.m4a,https://is1-ssl.mzstatic.com/image/thumb/Music126/v4/95/15/86/951586f7-9b33-bbcc-e949-c421992f5ef5/5056192842770.jpg/100x100bb.jpg
Dance Lover,Lofi Study,Majesty,Hip-Hop/Rap,2022-01-31T12:00:00Z,71420,1.29,USD,USA,https://audio-ssl.itunes.apple.com/itunes-assets/AudioPreview116/v4/f4/f5/c4/f4f5c4e8-c9ff-7408-2085-b61ac63c965b/mzaf_5785601494061987868.plus.aac.p.m4a,https://is1-ssl.mzstatic.com/image/thumb/Music116/v4/e4/2c/95/e42c95c6-0fee-328d-e72a-4a55ee17fb28/5056192841179.jpg/100x100bb.jpg
Hold Me Close,Lofi Study,You & Me,Hip-Hop/Rap,2022-02-28T12:00:00Z,114674,1.29,USD,USA,https://audio-ssl.itunes.apple.com/itunes-assets/AudioPreview116/v4/7d/ae/79/7dae7901-6b74-06e2-8b63-697e878fda4d/mzaf_14252958153347605197.plus.aac.p.m4a,https://is1-ssl.mzstatic.com/image/thumb/Music126/v4/95/15/86/951586f7-9b33-bbcc-e949-c421992f5ef5/5056192842770.jpg/100x100bb.jpg
Eternal Love,Lofi Study,Pent,Hip-Hop/Rap,2022-09-24T12:00:00Z,142711,1.29,USD,USA,https://audio-ssl.itunes.apple.com/itunes-assets/AudioPreview122/v4/49/3a/2d/493a2d36-5dcb-9fa9-a59b-6d90a1f9e87d/mzaf_1312143453793945843.plus.aac.p.m4a,https://is1-ssl.mzstatic.com/image/thumb/Music122/v4/f6/74/8f/f6748f3a-2119-2a20-e442-5bd6f57609b0/5056192850959.jpg/100x100bb.jpg
LoFi Study,Lo-Fi Chill Cafe,Mugwave Vinyl Flow,Cool Jazz,2025-03-24T12:00:00Z,176628,0.99,USD,USA,https://audio-ssl.itunes.apple.com/itunes-assets/AudioPreview221/v4/7e/25/f1/7e25f1c6-7a0b-79a2-e8d0-6c2fa5a8486a/mzaf_6978412727824141479.plus.aac.p.m4a,https://is1-ssl.mzstatic.com/image/thumb/Music221/v4/26/89/17/26891700-e66f-aaa3-e5e1-9829cc591c7b/0001070710431.jpg/100x100bb.jpg
Hope,Lofi Study,Majesty,Hip-Hop/Rap,2022-01-31T12:00:00Z,55933,1.29,USD,USA,https://audio-ssl.itunes.apple.com/itunes-assets/AudioPreview126/v4/e4/ca/8c/e4ca8c27-347a-b363-3231-15d833d1ca2a/mzaf_4500530775845853876.plus.aac.p.m4a,https://is1-ssl.mzstatic.com/image/thumb/Music116/v4/e4/2c/95/e42c95c6-0fee-328d-e72a-4a55ee17fb28/5056192841179.jpg/100x100bb.jpg
Her Heart,Lofi Study,Majesty,Hip-Hop/Rap,2022-01-31T12:00:00Z,101934,1.29,USD,USA,https://audio-ssl.itunes.apple.com/itunes-assets/AudioPreview116/v4/05/54/1f/05541ff1-6618-0eb8-0a13-2b502092e874/mzaf_7686858983235448784.plus.aac.p.m4a,https://is1-ssl.mzstatic.com/image/thumb/Music116/v4/e4/2c/95/e42c95c6-0fee-328d-e72a-4a55ee17fb28/5056192841179.jpg/100x100bb.jpg
No Feelins,Lofi Study,You & Me,Hip-Hop/Rap,2022-02-28T12:00:00Z,112286,1.29,USD,USA,https://audio-ssl.itunes.apple.com/itunes-assets/AudioPreview126/v4/96/66/9b/96669bfc-30fd-0814-b9db-9982175a7805/mzaf_15319423766835798142.plus.aac.p.m4a,https://is1-ssl.mzstatic.com/image/thumb/Music126/v4/95/15/86/951586f7-9b33-bbcc-e949-c421992f5ef5/5056192842770.jpg/100x100bb.jpg
Tonight,Lofi Study,Take My Love,Hip-Hop/Rap,2022-02-13T12:00:00Z,86386,1.29,USD,USA,https://audio-ssl.itunes.apple.com/itunes-assets/AudioPreview126/v4/51/4d/11/514d110c-9792-327a-f289-95804ff6db62/mzaf_471866146510977317.plus.aac.p.m4a,https://is1-ssl.mzstatic.com/image/thumb/Music116/v4/92/8c/84/928c849a-3f52-1f06-5d87-22d44a31d020/5056192841797.jpg/100x100bb.jpg
Elegant Basking,Lofi Study,Elegant Basking,Hip-Hop/Rap,2022-12-23T12:00:00Z,135417,1.29,USD,USA,https://audio-ssl.itunes.apple.com/itunes-assets/AudioPreview112/v4/93/0a/ca/930aca91-1878-5ff7-1d5d-3ea3bb6d3877/mzaf_1614251273759586762.plus.aac.p.m4a,https://is1-ssl.mzstatic.com/image/thumb/Music112/v4/f2/e1/da/f2e1da73-9aca-2a5c-9ba7-6beeae3fc493/5056192853158.jpg/100x100bb.jpg
Love Lie,Lofi Study,Majesty,Hip-Hop/Rap,2022-01-31T12:00:00Z,71366,1.29,USD,USA,https://audio-ssl.itunes.apple.com/itunes-assets/AudioPreview126/v4/cb/d0/59/cbd059ca-9edf-4a6b-364a-9214e134d41e/mzaf_7125081176928367533.plus.aac.p.m4a,https://is1-ssl.mzstatic.com/image/thumb/Music116/v4/e4/2c/95/e42c95c6-0fee-328d-e72a-4a55ee17fb28/5056192841179.jpg/100x100bb.jpg
They Got Love,Lofi Study,Majesty,Hip-Hop/Rap,2022-01-31T12:00:00Z,94665,1.29,USD,USA,https://audio-ssl.itunes.apple.com/itunes-assets/AudioPreview116/v4/dd/b1/82/ddb18217-030c-ceea-f81f-85c410c9369b/mzaf_12460125564824276878.plus.aac.p.m4a,https://is1-ssl.mzstatic.com/image/thumb/Music116/v4/e4/2c/95/e42c95c6-0fee-328d-e72a-4a55ee17fb28/5056192841179.jpg/100x100bb.jpg
Lofi Soul,StudyWork,Lofi Study,Hip-Hop/Rap,2025-10-24T12:00:00Z,160000,0.99,USD,USA,https://audio-ssl.itunes.apple.com/itunes-assets/AudioPreview221/v4/e0/04/02/e0040206-e6c8-0ab4-2d3f-5813fee6f192/mzaf_17068418227149417711.plus.aac.p.m4a,https://is1-ssl.mzstatic.com/image/thumb/Music221/v4/ce/fe/88/cefe88f7-f098-a1d0-1488-aaf5a635a39d/artwork.jpg/100x100bb.jpg
Its All About Hip-Hop,Lofi Study,Majesty,Hip-Hop/Rap,2022-01-31T12:00:00Z,70518,1.29,USD,USA,https://audio-ssl.itunes.apple.com/itunes-assets/AudioPreview116/v4/3a/20/1e/3a201e80-ab97-378a-da95-366c33c831f9/mzaf_8858741534037746047.plus.aac.p.m4a,https://is1-ssl.mzstatic.com/image/thumb/Music116/v4/e4/2c/95/e42c95c6-0fee-328d-e72a-4a55ee17fb28/5056192841179.jpg/100x100bb.jpg
Chillin,Lofi Study,Study Music 2023,New Age,2021-06-05T12:00:00Z,131749,,USD,USA,https://audio-ssl.itunes.apple.com/itunes-assets/AudioPreview123/v4/4d/5c/e4/4d5ce4f8-1e4f-e1d1-0c50-b165dc68557d/mzaf_10707829504461223685.plus.aac.p.m4a,https://is1-ssl.mzstatic.com/image/thumb/Music123/v4/b2/0a/ce/b20ace4b-7ca1-974c-13b4-1f5f788c8348/5059460171077.jpg/100x100bb.jpg
Last Chance,Lofi Study,Take My Love,Hip-Hop/Rap,2022-02-13T12:00:00Z,109732,1.29,USD,USA,https://audio-ssl.itunes.apple.com/itunes-assets/AudioPreview126/v4/1b/49/4c/1b494cdd-658a-e161-3693-697c134749c9/mzaf_12945168939355196333.plus.aac.p.m4a,https://is1-ssl.mzstatic.com/image/thumb/Music116/v4/92/8c/84/928c849a-3f52-1f06-5d87-22d44a31d020/5056192841797.jpg/100x100bb.jpg
Midnight Coffee,StudyWork,Lofi Study,Hip-Hop/Rap,2025-10-24T12:00:00Z,172727,0.99,USD,USA,https://audio-ssl.itunes.apple.com/itunes-assets/AudioPreview211/v4/ae/6e/94/ae6e9419-24d2-8903-47f5-ee0af61b5730/mzaf_7763233348303289761.plus.aac.p.m4a,https://is1-ssl.mzstatic.com/image/thumb/Music221/v4/ce/fe/88/cefe88f7-f098-a1d0-1488-aaf5a635a39d/artwork.jpg/100x100bb.jpg
Golden Symphony,Lofi Study,Pent,Hip-Hop/Rap,2022-09-24T12:00:00Z,132016,1.29,USD,USA,https://audio-ssl.itunes.apple.com/itunes-assets/AudioPreview122/v4/42/f9/ff/42f9ff63-d8fc-ce95-1dc9-daf9d7b32c2b/mzaf_10371669362786246052.plus.aac.p.m4a,https://is1-ssl.mzstatic.com/image/thumb/Music122/v4/f6/74/8f/f6748f3a-2119-2a20-e442-5bd6f57609b0/5056192850959.jpg/100x100bb.jpg
Blind Fade,Lofi Study,Pent,Hip-Hop/Rap,2022-09-24T12:00:00Z,146701,1.29,USD,USA,https://audio-ssl.itunes.apple.com/itunes-assets/AudioPreview122/v4/58/c0/fb/58c0fb16-7fec-b37b-8123-4645d3b42439/mzaf_14547203066871082342.plus.aac.p.m4a,https://is1-ssl.mzstatic.com/image/thumb/Music122/v4/f6/74/8f/f6748f3a-2119-2a20-e442-5bd6f57609b0/5056192850959.jpg/100x100bb.jpg
Loft Mood,StudyWork,Lofi Study,Hip-Hop/Rap,2025-10-24T12:00:00Z,128485,0.99,USD,USA,https://audio-ssl.itunes.apple.com/itunes-assets/AudioPreview211/v4/53/b8/8b/53b88b04-fb29-1eb5-2d91-3c6df332f17f/mzaf_366753722286313903.plus.aac.p.m4a,https://is1-ssl.mzstatic.com/image/thumb/Music221/v4/ce/fe/88/cefe88f7-f098-a1d0-1488-aaf5a635a39d/artwork.jpg/100x100bb.jpg
Asking,Lofi Study,Pent,Hip-Hop/Rap,2022-09-24T12:00:00Z,137159,1.29,USD,USA,https://audio-ssl.itunes.apple.com/itunes-assets/AudioPreview122/v4/50/12/c2/5012c29d-88d3-6f92-101f-76e3839a69db/mzaf_1105976027331946337.plus.aac.p.m4a,https://is1-ssl.mzstatic.com/image/thumb/Music122/v4/f6/74/8f/f6748f3a-2119-2a20-e442-5bd6f57609b0/5056192850959.jpg/100x100bb.jpg
Sunday Chill,StudyWork,Lofi Study,Hip-Hop/Rap,2025-10-24T12:00:00Z,140606,0.99,USD,USA,https://audio-ssl.itunes.apple.com/itunes-assets/AudioPreview221/v4/d7/48/90/d7489083-6e20-edad-31d6-e2283a2c7b1d/mzaf_1590155568818003414.plus.aac.p.m4a,https://is1-ssl.mzstatic.com/image/thumb/Music221/v4/ce/fe/88/cefe88f7-f098-a1d0-1488-aaf5a635a39d/artwork.jpg/100x100bb.jpg
Pent,Lofi Study,Pent,Hip-Hop/Rap,2022-09-24T12:00:00Z,144752,1.29,USD,USA,https://audio-ssl.itunes.apple.com/itunes-assets/AudioPreview122/v4/b5/90/80/b590807f-4468-673c-a73b-dacc9096eebc/mzaf_17430585417366742205.plus.aac.p.m4a,https://is1-ssl.mzstatic.com/image/thumb/Music122/v4/f6/74/8f/f6748f3a-2119-2a20-e442-5bd6f57609b0/5056192850959.jpg/100x100bb.jpg
Sketch Time,StudyWork,Lofi Study,Hip-Hop/Rap,2025-10-24T12:00:00Z,141818,0.99,USD,USA,https://audio-ssl.itunes.apple.com/itunes-assets/AudioPreview211/v4/3f/a0/00/3fa000f5-59de-d558-50b7-4a9362ad1a74/mzaf_9068202274409475928.plus.aac.p.m4a,https://is1-ssl.mzstatic.com/image/thumb/Music221/v4/ce/fe/88/cefe88f7-f098-a1d0-1488-aaf5a635a39d/artwork.jpg/100x100bb.jpg
Late Night,StudyWork,Lofi Study,Hip-Hop/Rap,2025-10-24T12:00:00Z,167879,0.99,USD,USA,https://audio-ssl.itunes.apple.com/itunes-assets/AudioPreview211/v4/c4/da/92/c4da92c3-3dc6-19ee-581e-a95429025c94/mzaf_2015378918382259914.plus.aac.p.m4a,https://is1-ssl.mzstatic.com/image/thumb/Music221/v4/ce/fe/88/cefe88f7-f098-a1d0-1488-aaf5a635a39d/artwork.jpg/100x100bb.jpg
Study Phase,StudyWork,Lofi Study,Hip-Hop/Rap,2025-10-24T12:00:00Z,189697,0.99,USD,USA,https://audio-ssl.itunes.apple.com/itunes-assets/AudioPreview221/v4/49/84/25/498425a2-e502-af01-29f7-a29253bd9b4f/mzaf_4142793170745218901.plus.aac.p.m4a,https://is1-ssl.mzstatic.com/image/thumb/Music221/v4/ce/fe/88/cefe88f7-f098-a1d0-1488-aaf5a635a39d/artwork.jpg/100x100bb.jpg
Figure It Out,Lofi Study,Pent,Hip-Hop/Rap,2022-09-24T12:00:00Z,148750,1.29,USD,USA,https://audio-ssl.itunes.apple.com/itunes-assets/AudioPreview122/v4/ab/c5/3c/abc53c16-5671-95ac-da67-5c9fa8f9b8d2/mzaf_14636596764957064812.plus.aac.p.m4a,https://is1-ssl.mzstatic.com/image/thumb/Music122/v4/f6/74/8f/f6748f3a-2119-2a20-e442-5bd6f57609b0/5056192850959.jpg/100x100bb.jpg
LoFi Study,LoFi Jazz Beats,Late Night Lofi Jazz Vibes,Cool Jazz,2025-05-08T12:00:00Z,163824,0.99,USD,USA,https://audio-ssl.itunes.apple.com/itunes-assets/AudioPreview211/v4/91/dc/cd/91dccdaa-9d37-f18a-aa55-078a3ab778a1/mzaf_10839507777974691800.plus.aac.p.m4a,https://is1-ssl.mzstatic.com/image/thumb/Music211/v4/ee/f8/f2/eef8f2b6-2f8a-b77c-1b38-1eef43ee01bc/0001079334812.jpg/100x100bb.jpg
Memories,StudyWork,Lofi Study,Hip-Hop/Rap,2025-10-24T12:00:00Z,193939,0.99,USD,USA,https://audio-ssl.itunes.apple.com/itunes-assets/AudioPreview221/v4/b6/c6/90/b6c69006-e155-d61f-df1d-207607aedac0/mzaf_13664934138607604529.plus.aac.p.m4a,https://is1-ssl.mzstatic.com/image/thumb/Music221/v4/ce/fe/88/cefe88f7-f098-a1d0-1488-aaf5a635a39d/artwork.jpg/100x100bb.jpg
Cold Pillow,StudyWork,Lofi Study,Hip-Hop/Rap,2025-10-24T12:00:00Z,172121,0.99,USD,USA,https://audio-ssl.itunes.apple.com/itunes-assets/AudioPreview211/v4/ce/7c/a2/ce7ca2bb-af2f-7aa3-2280-60cd4d0ab766/mzaf_14630430176299728371.plus.aac.p.m4a,https://is1-ssl.mzstatic.com/image/thumb/Music221/v4/ce/fe/88/cefe88f7-f098-a1d0-1488-aaf5a635a39d/artwork.jpg/100x100bb.jpg
We're All Connected,Lofi Study,Elegant Basking,Hip-Hop/Rap,2022-12-23T12:00:00Z,133742,1.29,USD,USA,https://audio-ssl.itunes.apple.com/itunes-assets/AudioPreview112/v4/16/31/c7/1631c752-0aed-e221-93a0-6649bb708dbd/mzaf_6546720330402487111.plus.aac.p.m4a,https://is1-ssl.mzstatic.com/image/thumb/Music112/v4/f2/e1/da/f2e1da73-9aca-2a5c-9ba7-6beeae3fc493/5056192853158.jpg/100x100bb.jpg
Sensiz Uyumak,StudyWork,Lofi Study,Hip-Hop/Rap,2025-10-24T12:00:00Z,179394,0.99,USD,USA,https://audio-ssl.itunes.apple.com/itunes-assets/AudioPreview211/v4/dd/01/63/dd016328-efd7-9884-0110-90fb41b481bd/mzaf_3975117592231302301.plus.aac.p.m4a,https://is1-ssl.mzstatic.com/image/thumb/Music221/v4/ce/fe/88/cefe88f7-f098-a1d0-1488-aaf5a635a39d/artwork.jpg/100x100bb.jpg
Secret Love,StudyWork,Lofi Study,Hip-Hop/Rap,2025-10-24T12:00:00Z,124848,0.99,USD,USA,https://audio-ssl.itunes.apple.com/itunes-assets/AudioPreview221/v4/8a/3b/4b/8a3b4b6f-7113-508c-edfc-1cdeb7eb3079/mzaf_7741162022875778372.plus.aac.p.m4a,https://is1-ssl.mzstatic.com/image/thumb/Music221/v4/ce/fe/88/cefe88f7-f098-a1d0-1488-aaf5a635a39d/artwork.jpg/100x100bb.jpg
Sokakta Yalniz,StudyWork,Lofi Study,Hip-Hop/Rap,2025-10-24T12:00:00Z,152121,0.99,USD,USA,https://audio-ssl.itunes.apple.com/itunes-assets/AudioPreview221/v4/8f/f5/6e/8ff56e0c-78c0-30ec-ac3d-c2c3f8466a86/mzaf_710912361512565523.plus.aac.p.m4a,https://is1-ssl.mzstatic.com/image/thumb/Music221/v4/ce/fe/88/cefe88f7-f098-a1d0-1488-aaf5a635a39d/artwork.jpg/100x100bb.jpg
Inspired Evening Drives,Lofi Study,Elegant Basking,Hip-Hop/Rap,2022-12-23T12:00:00Z,139112,1.29,USD,USA,https://audio-ssl.itunes.apple.com/itunes-assets/AudioPreview112/v4/b8/63/8e/b8638e7f-9d5a-c857-9858-89ed9c9362f1/mzaf_9978278043829954731.plus.aac.p.m4a,https://is1-ssl.mzstatic.com/image/thumb/Music112/v4/f2/e1/da/f2e1da73-9aca-2a5c-9ba7-6beeae3fc493/5056192853158.jpg/100x100bb.jpg
LOFi Study (Ambient Study Sessions),Bebelyrics,LoFi Study Focus: Concentration Beats for Productivity,New Age,2025-06-10T12:00:00Z,165720,0.99,USD,USA,https://audio-ssl.itunes.apple.com/itunes-assets/AudioPreview221/v4/ff/aa/ee/ffaaee46-e802-f890-31f8-5202650f4158/mzaf_17468023026908078253.plus.aac.p.m4a,https://is1-ssl.mzstatic.com/image/thumb/Music211/v4/fc/5f/dc/fc5fdc8d-ed96-1303-b3ab-8470a641ac61/artwork.jpg/100x100bb.jpg
Lofi Study,Eight Drip,Pomodoro Timer Lofi Jazz Focus,Instrumental,2025-09-08T12:00:00Z,174500,0.99,USD,USA,https://audio-ssl.itunes.apple.com/itunes-assets/AudioPreview221/v4/3f/a9/c0/3fa9c0b0-e293-b2d8-62e4-714b0566830c/mzaf_13343405389472516278.plus.aac.p.m4a,https://is1-ssl.mzstatic.com/image/thumb/Music221/v4/25/a2/cf/25a2cf7a-3b99-563b-3a41-24af18f0e585/4550712765415_cover.png/100x100bb.jpg
Coffee Break,StudyWork,Lofi Study,Hip-Hop/Rap,2025-10-24T12:00:00Z,152727,0.99,USD,USA,https://audio-ssl.itunes.apple.com/itunes-assets/AudioPreview221/v4/26/f9/28/26f92865-7227-a01a-f5f9-3665a6366bdf/mzaf_1910498263624239574.plus.aac.p.m4a,https://is1-ssl.mzstatic.com/image/thumb/Music221/v4/ce/fe/88/cefe88f7-f098-a1d0-1488-aaf5a635a39d/artwork.jpg/100x100bb.jpg
Lofi Study,Eight Drip,Ultra Focus Lofi Jazz Background,Instrumental,2025-09-08T12:00:00Z,174500,0.99,USD,USA,https://audio-ssl.itunes.apple.com/itunes-assets/AudioPreview221/v4/78/41/a0/7841a024-2958-5cfa-8702-4918984abcb8/mzaf_16874180481835591042.plus.aac.p.m4a,https://is1-ssl.mzstatic.com/image/thumb/Music211/v4/00/bb/70/00bb708b-c196-99ae-c7b9-69e0a802bd88/4550712762186_cover.png/100x100bb.jpg
City Light,StudyWork,Lofi Study,Hip-Hop/Rap,2025-10-24T12:00:00Z,186667,0.99,USD,USA,https://audio-ssl.itunes.apple.com/itunes-assets/AudioPreview211/v4/c6/e4/d9/c6e4d9f6-e042-b860-d705-e3e97230f42f/mzaf_18176620499278813138.plus.aac.p.m4a,https://is1-ssl.mzstatic.com/image/thumb/Music221/v4/ce/fe/88/cefe88f7-f098-a1d0-1488-aaf5a635a39d/artwork.jpg/100x100bb.jpg
Fantastic Relax,Lofi Study,Elegant Basking,Hip-Hop/Rap,2022-12-23T12:00:00Z,132211,1.29,USD,USA,https://audio-ssl.itunes.apple.com/itunes-assets/AudioPreview112/v4/8d/40/bf/8d40bfe6-9310-3929-bea1-8fb11d0ff14a/mzaf_9423974153444590972.plus.aac.p.m4a,https://is1-ssl.mzstatic.com/image/thumb/Music112/v4/f2/e1/da/f2e1da73-9aca-2a5c-9ba7-6beeae3fc493/5056192853158.jpg/100x100bb.jpg
Moonlight,Lofi Study,Pent,Hip-Hop/Rap,2022-09-24T12:00:00Z,133687,1.29,USD,USA,https://audio-ssl.itunes.apple.com/itunes-assets/AudioPreview112/v4/b0/46/bd/b046bda2-23c4-0d81-1253-ddc38c2910a1/mzaf_16990791780199315249.plus.aac.p.m4a,https://is1-ssl.mzstatic.com/image/thumb/Music122/v4/f6/74/8f/f6748f3a-2119-2a20-e442-5bd6f57609b0/5056192850959.jpg/100x100bb.jpg
Lofi Study,Eight Drip,Best Focus Lofi Jazz,Instrumental,2025-09-08T12:00:00Z,174500,0.99,USD,USA,https://audio-ssl.itunes.apple.com/itunes-assets/AudioPreview221/v4/03/5b/1c/035b1ceb-6a4d-4100-e5f6-e38b7bb2118c/mzaf_14263349828638187695.plus.aac.p.m4a,https://is1-ssl.mzstatic.com/image/thumb/Music221/v4/bd/9e/8a/bd9e8adc-7403-2597-9dd0-3806fe389296/4550713339608_cover.png/100x100bb.jpg
Resistence,Lofi Study,Pent,Hip-Hop/Rap,2022-09-24T12:00:00Z,135401,1.29,USD,USA,https://audio-ssl.itunes.apple.com/itunes-assets/AudioPreview112/v4/d8/4d/f5/d84df55d-d7ca-fce1-4bda-de939ce07f57/mzaf_8883382081396445122.plus.aac.p.m4a,https://is1-ssl.mzstatic.com/image/thumb/Music122/v4/f6/74/8f/f6748f3a-2119-2a20-e442-5bd6f57609b0/5056192850959.jpg/100x100bb.jpg
Hidden,StudyWork,Lofi Study,Hip-Hop/Rap,2025-10-24T12:00:00Z,146667,0.99,USD,USA,https://audio-ssl.itunes.apple.com/itunes-assets/AudioPreview211/v4/80/9d/b3/809db321-fe34-402d-b129-a5431fced2c7/mzaf_6313935172358613833.plus.aac.p.m4a,https://is1-ssl.mzstatic.com/image/thumb/Music221/v4/ce/fe/88/cefe88f7-f098-a1d0-1488-aaf5a635a39d/artwork.jpg/100x100bb.jpg
Cam Kenari,StudyWork,Lofi Study,Hip-Hop/Rap,2025-10-24T12:00:00Z,144848,0.99,USD,USA,https://audio-ssl.itunes.apple.com/itunes-assets/AudioPreview221/v4/5c/48/5b/5c485b73-ee95-df10-e13c-194dc4e0e64b/mzaf_17543958365273548248.plus.aac.p.m4a,https://is1-ssl.mzstatic.com/image/thumb/Music221/v4/ce/fe/88/cefe88f7-f098-a1d0-1488-aaf5a635a39d/artwork.jpg/100x100bb.jpg
What's with Us,Lofi Study,Pent,Hip-Hop/Rap,2022-09-24T12:00:00Z,140825,1.29,USD,USA,https://audio-ssl.itunes.apple.com/itunes-assets/AudioPreview122/v4/65/75/5d/65755d27-09c5-bac5-5bba-dfdc84be86be/mzaf_16059003072738693257.plus.aac.p.m4a,https://is1-ssl.mzstatic.com/image/thumb/Music122/v4/f6/74/8f/f6748f3a-2119-2a20-e442-5bd6f57609b0/5056192850959.jpg/100x100bb.jpg
Truce,Lofi Study,Pent,Hip-Hop/Rap,2022-09-24T12:00:00Z,138964,1.29,USD,USA,https://audio-ssl.itunes.apple.com/itunes-assets/AudioPreview122/v4/d1/60/82/d160827b-972d-a34e-0033-cf901175c1b6/mzaf_13902262005695354018.plus.aac.p.m4a,https://is1-ssl.mzstatic.com/image/thumb/Music122/v4/f6/74/8f/f6748f3a-2119-2a20-e442-5bd6f57609b0/5056192850959.jpg/100x100bb.jpg
Unspoken,StudyWork,Lofi Study,Hip-Hop/Rap,2025-10-24T12:00:00Z,124848,0.99,USD,USA,https://audio-ssl.itunes.apple.com/itunes-assets/AudioPreview221/v4/44/23/52/442352c9-bf91-613b-9bcc-ed3c0e7099ea/mzaf_3940038861294726852.plus.aac.p.m4a,https://is1-ssl.mzstatic.com/image/thumb/Music221/v4/ce/fe/88/cefe88f7-f098-a1d0-1488-aaf5a635a39d/artwork.jpg/100x100bb.jpg
Alright,Lofi Study,Atmosphere,Hip-Hop/Rap,2022-07-22T12:00:00Z,50543,1.29,USD,USA,https://audio-ssl.itunes.apple.com/itunes-assets/AudioPreview112/v4/f2/61/d2/f261d2b2-13c0-2be4-44b9-64fe89394f60/mzaf_16973281343893757507.plus.aac.p.m4a,https://is1-ssl.mzstatic.com/image/thumb/Music122/v4/17/d8/b4/17d8b48d-3daa-cd67-0a21-b8de0393c249/5056192849137.jpg/100x100bb.jpg
Lofi Study,Eight Drip,Deep Work Lofi Jazz Focus,Instrumental,2025-09-08T12:00:00Z,174500,0.99,USD,USA,https://audio-ssl.itunes.apple.com/itunes-assets/AudioPreview221/v4/91/7e/d2/917ed2d5-e04d-4c25-80be-87bae5ed07ea/mzaf_12556042228970272014.plus.aac.p.m4a,https://is1-ssl.mzstatic.com/image/thumb/Music211/v4/fd/d0/23/fdd023b3-96ed-4814-3d90-c31a5dead430/4550712433772_cover.png/100x100bb.jpg
Last Call,Lofi Study & Lofi Music Lounge,Last Call,Hip-Hop/Rap,2022-11-17T12:00:00Z,160000,0.99,USD,USA,https://audio-ssl.itunes.apple.com/itunes-assets/AudioPreview122/v4/df/63/91/df6391a7-b31f-26dc-58a2-9887bf506434/mzaf_13467870391508051257.plus.aac.p.m4a,https://is1-ssl.mzstatic.com/image/thumb/Music112/v4/e8/8c/d7/e88cd7e2-2695-6588-89a7-149967cb7b0a/cover.jpg/100x100bb.jpg
Mysterious Lazy,Lofi Study,Elegant Basking,Hip-Hop/Rap,2022-12-23T12:00:00Z,137305,1.29,USD,USA,https://audio-ssl.itunes.apple.com/itunes-assets/AudioPreview112/v4/eb/fa/48/ebfa4883-a784-2ec5-977e-58b8dbc1647f/mzaf_192792898309611388.plus.aac.p.m4a,https://is1-ssl.mzstatic.com/image/thumb/Music112/v4/f2/e1/da/f2e1da73-9aca-2a5c-9ba7-6beeae3fc493/5056192853158.jpg/100x100bb.jpg
On the Lips,Lofi Study,Elegant Basking,Hip-Hop/Rap,2022-12-23T12:00:00Z,140867,1.29,USD,USA,https://audio-ssl.itunes.apple.com/itunes-assets/AudioPreview112/v4/5f/9b/4e/5f9b4e75-14fd-72d5-1bc7-2cdcb80850fd/mzaf_11200300223918236249.plus.aac.p.m4a,https://is1-ssl.mzstatic.com/image/thumb/Music112/v4/f2/e1/da/f2e1da73-9aca-2a5c-9ba7-6beeae3fc493/5056192853158.jpg/100x100bb.jpg
Lost Time,Lofi Study,Elegant Basking,Hip-Hop/Rap,2022-12-23T12:00:00Z,144812,1.29,USD,USA,https://audio-ssl.itunes.apple.com/itunes-assets/AudioPreview122/v4/3c/2a/84/3c2a84b6-6e8f-5027-1b22-f5061f1684a4/mzaf_12856185147847753320.plus.aac.p.m4a,https://is1-ssl.mzstatic.com/image/thumb/Music112/v4/f2/e1/da/f2e1da73-9aca-2a5c-9ba7-6beeae3fc493/5056192853158.jpg/100x100bb.jpg
Radiant Respect,Lofi Study,Elegant Basking,Hip-Hop/Rap,2022-12-23T12:00:00Z,148891,1.29,USD,USA,https://audio-ssl.itunes.apple.com/itunes-assets/AudioPreview112/v4/1d/b1/37/1db137fb-f4de-7c92-e86a-17e66f09a7d2/mzaf_2527999948334995325.plus.aac.p.m4a,https://is1-ssl.mzstatic.com/image/thumb/Music112/v4/f2/e1/da/f2e1da73-9aca-2a5c-9ba7-6beeae3fc493/5056192853158.jpg/100x100bb.jpg
LoFi Study,MorningTide Vibes Music,LoFi Study - Single,New Age,2025-05-15T12:00:00Z,120360,0.99,USD,USA,https://audio-ssl.itunes.apple.com/itunes-assets/AudioPreview211/v4/2e/6a/73/2e6a733c-0075-ef0c-5ebf-bb5e4683db5c/mzaf_4635739036962607487.plus.aac.p.m4a,https://is1-ssl.mzstatic.com/image/thumb/Music221/v4/f2/d2/6c/f2d26cd0-b1be-bee0-e392-24edd9e6791d/8721026047993_cover.jpg/100x100bb.jpg
This Style,Lofi Study,Elegant Basking,Hip-Hop/Rap,2022-12-23T12:00:00Z,146832,1.29,USD,USA,https://audio-ssl.itunes.apple.com/itunes-assets/AudioPreview122/v4/18/42/d4/1842d4dd-9dcf-8249-54dd-625159b5e7ab/mzaf_15033645475142434527.plus.aac.p.m4a,https://is1-ssl.mzstatic.com/image/thumb/Music112/v4/f2/e1/da/f2e1da73-9aca-2a5c-9ba7-6beeae3fc493/5056192853158.jpg/100x100bb.jpg
Sea Side Luv,Lofi Study,Elegant Basking,Hip-Hop/Rap,2022-12-23T12:00:00Z,142753,1.29,USD,USA,https://audio-ssl.itunes.apple.com/itunes-assets/AudioPreview122/v4/d2/12/16/d21216cc-b0ab-8312-eb4d-e907eb7a1f4b/mzaf_8585106636268653991.plus.aac.p.m4a,https://is1-ssl.mzstatic.com/image/thumb/Music112/v4/f2/e1/da/f2e1da73-9aca-2a5c-9ba7-6beeae3fc493/5056192853158.jpg/100x100bb.jpg
I'm a Clown,Lofi Study,Atmosphere,Hip-Hop/Rap,2022-07-22T12:00:00Z,68804,1.29,USD,USA,https://audio-ssl.itunes.apple.com/itunes-assets/AudioPreview122/v4/71/20/bd/7120bd23-005d-3149-3b25-6ac2e908a077/mzaf_16890811216771307756.plus.aac.p.m4a,https://is1-ssl.mzstatic.com/image/thumb/Music122/v4/17/d8/b4/17d8b48d-3daa-cd67-0a21-b8de0393c249/5056192849137.jpg/100x100bb.jpg
Atmosphere,Lofi Study,Atmosphere,Hip-Hop/Rap,2022-07-22T12:00:00Z,72156,1.29,USD,USA,https://audio-ssl.itunes.apple.com/itunes-assets/AudioPreview112/v4/a0/fc/96/a0fc9613-f571-903c-f155-d71701dcd018/mzaf_8595405769700431768.plus.aac.p.m4a,https://is1-ssl.mzstatic.com/image/thumb/Music122/v4/17/d8/b4/17d8b48d-3daa-cd67-0a21-b8de0393c249/5056192849137.jpg/100x100bb.jpg
Lofi Study,ふゆ,Japanese Lofi Chill & Study,Electronic,2022-05-25T12:00:00Z,189160,0.69,USD,USA,https://audio-ssl.itunes.apple.com/itunes-assets/AudioPreview122/v4/f7/0a/9f/f70a9f5b-5c86-467a-ec1b-6f5bb86f3676/mzaf_9642027827813309159.plus.aac.p.m4a,https://is1-ssl.mzstatic.com/image/thumb/Music112/v4/7f/e6/8b/7fe68b78-e4bb-fbb9-e7c0-ba12b60404f8/5904195641855.png/100x100bb.jpg
Focus LoFi,LoFi Study Music,"LoFi Study Music, Vol. 1",Downtempo,2021-11-01T12:00:00Z,159000,0.99,USD,USA,https://audio-ssl.itunes.apple.com/itunes-assets/AudioPreview126/v4/84/04/bb/8404bb7b-b5e0-bbb3-d56e-4826dfe10bb7/mzaf_743130349232461115.plus.aac.p.m4a,https://is1-ssl.mzstatic.com/image/thumb/Music116/v4/74/a8/a9/74a8a92d-bf40-62bd-cc10-1ba0ccdf9183/artwork.jpg/100x100bb.jpg
All the Way Down,Lofi Study,Amazing Motion,Hip-Hop/Rap,2022-04-28T12:00:00Z,129027,1.29,USD,USA,https://audio-ssl.itunes.apple.com/itunes-assets/AudioPreview126/v4/9e/cf/ea/9ecfeab4-00b5-c99c-749a-2ecd25fdfe48/mzaf_13570454626346518969.plus.aac.p.m4a,https://is1-ssl.mzstatic.com/image/thumb/Music116/v4/fe/8a/81/fe8a81e0-aed5-6909-760f-190928df2934/5056192845900.jpg/100x100bb.jpg
A Shallow Dream,Lofi Study & Lofi Music Lounge,Last Call,Hip-Hop/Rap,2022-11-17T12:00:00Z,199481,0.99,USD,USA,https://audio-ssl.itunes.apple.com/itunes-assets/AudioPreview112/v4/48/90/a9/4890a90c-b985-fc33-b362-6acffa9a1881/mzaf_10958818663887547469.plus.aac.p.m4a,https://is1-ssl.mzstatic.com/image/thumb/Music112/v4/e8/8c/d7/e88cd7e2-2695-6588-89a7-149967cb7b0a/cover.jpg/100x100bb.jpg
End of Term,Lofi Study & Lofi Music Lounge,Last Call,Hip-Hop/Rap,2022-11-17T12:00:00Z,192000,0.99,USD,USA,https://audio-ssl.itunes.apple.com/itunes-assets/AudioPreview122/v4/bc/60/5f/bc605fcf-0edd-c502-41ba-32b1af084dad/mzaf_4124142540776801963.plus.aac.p.m4a,https://is1-ssl.mzstatic.com/image/thumb/Music112/v4/e8/8c/d7/e88cd7e2-2695-6588-89a7-149967cb7b0a/cover.jpg/100x100bb.jpg
The Park,Lofi Study & Lofi Music Lounge,Last Call,Hip-Hop/Rap,2022-11-17T12:00:00Z,198000,0.99,USD,USA,https://audio-ssl.itunes.apple.com/itunes-assets/AudioPreview112/v4/ef/81/19/ef8119e3-44e6-8efb-52d5-2d42e1c66de0/mzaf_10088744176782077415.plus.aac.p.m4a,https://is1-ssl.mzstatic.com/image/thumb/Music112/v4/e8/8c/d7/e88cd7e2-2695-6588-89a7-149967cb7b0a/cover.jpg/100x100bb.jpg
Frozen Rivers,Lofi Study & Lofi Music Lounge,Last Call,Hip-Hop/Rap,2022-11-17T12:00:00Z,161928,0.99,USD,USA,https://audio-ssl.itunes.apple.com/itunes-assets/AudioPreview112/v4/d9/43/65/d9436564-907a-9976-b5d3-8268be21b3df/mzaf_16014700156538874406.plus.aac.p.m4a,https://is1-ssl.mzstatic.com/image/thumb/Music112/v4/e8/8c/d7/e88cd7e2-2695-6588-89a7-149967cb7b0a/cover.jpg/100x100bb.jpg
Feeling the Same,Lofi Study & Lofi Music Lounge,Last Call,Hip-Hop/Rap,2022-11-17T12:00:00Z,174545,0.99,USD,USA,https://audio-ssl.itunes.apple.com/itunes-assets/AudioPreview122/v4/bc/57/d5/bc57d5ed-cb61-133c-3751-655bdf05964a/mzaf_12826660334028587947.plus.aac.p.m4a,https://is1-ssl.mzstatic.com/image/thumb/Music112/v4/e8/8c/d7/e88cd7e2-2695-6588-89a7-149967cb7b0a/cover.jpg/100x100bb.jpg
A Wooden House,Lofi Study & Lofi Music Lounge,Last Call,Hip-Hop/Rap,2022-11-17T12:00:00Z,203294,0.99,USD,USA,https://audio-ssl.itunes.apple.com/itunes-assets/AudioPreview122/v4/3c/30/d4/3c30d40c-d2f3-05cf-ffcf-27c86ae5bc47/mzaf_7049392552728106727.plus.aac.p.m4a,https://is1-ssl.mzstatic.com/image/thumb/Music112/v4/e8/8c/d7/e88cd7e2-2695-6588-89a7-149967cb7b0a/cover.jpg/100x100bb.jpg
The Answer,Lofi Study & Lofi Music Lounge,Last Call,Hip-Hop/Rap,2022-11-17T12:00:00Z,174545,0.99,USD,USA,https://audio-ssl.itunes.apple.com/itunes-assets/AudioPreview112/v4/dc/f6/c9/dcf6c986-8360-d01b-4264-20888c4972d9/mzaf_1532698625533328123.plus.aac.p.m4a,https://is1-ssl.mzstatic.com/image/thumb/Music112/v4/e8/8c/d7/e88cd7e2-2695-6588-89a7-149967cb7b0a/cover.jpg/100x100bb.jpg
Driving Around,Lofi Study & Lofi Music Lounge,Last Call,Hip-Hop/Rap,2022-11-17T12:00:00Z,155122,0.99,USD,USA,https://audio-ssl.itunes.apple.com/itunes-assets/AudioPreview122/v4/c2/67/48/c26748c2-82c5-49cf-23b9-3046c241cb39/mzaf_1971979462322687368.plus.aac.p.m4a,https://is1-ssl.mzstatic.com/image/thumb/Music112/v4/e8/8c/d7/e88cd7e2-2695-6588-89a7-149967cb7b0a/cover.jpg/100x100bb.jpg
None of My Friends,Lofi Study & Lofi Music Lounge,Last Call,Hip-Hop/Rap,2022-11-17T12:00:00Z,147692,0.99,USD,USA,https://audio-ssl.itunes.apple.com/itunes-assets/AudioPreview122/v4/ac/af/af/acafafd6-56cc-fbb7-00c5-580dfd8ea99b/mzaf_8264793995792235684.plus.aac.p.m4a,https://is1-ssl.mzstatic.com/image/thumb/Music112/v4/e8/8c/d7/e88cd7e2-2695-6588-89a7-149967cb7b0a/cover.jpg/100x100bb.jpg
Clarity,Lofi Study & Lofi Music Lounge,Last Call,Hip-Hop/Rap,2022-11-17T12:00:00Z,170127,0.99,USD,USA,https://audio-ssl.itunes.apple.com/itunes-assets/AudioPreview112/v4/1e/4a/7c/1e4a7ce5-eab9-877a-9254-a0f20f63a68e/mzaf_5101067831336427111.plus.aac.p.m4a,https://is1-ssl.mzstatic.com/image/thumb/Music112/v4/e8/8c/d7/e88cd7e2-2695-6588-89a7-149967cb7b0a/cover.jpg/100x100bb.jpg
The Best Day of my Life,Lofi Study,Strange Fantasy,Hip-Hop/Rap,2022-05-21T12:00:00Z,127259,1.29,USD,USA,https://audio-ssl.itunes.apple.com/itunes-assets/AudioPreview122/v4/ad/8a/e0/ad8ae065-a85e-544a-5c28-dbaa904063b6/mzaf_16924282337596482577.plus.aac.p.m4a,https://is1-ssl.mzstatic.com/image/thumb/Music126/v4/9b/8d/6c/9b8d6cc8-51c9-48af-c813-8aa26f3ce7ab/5056192846419.jpg/100x100bb.jpg
The Return,Lofi Study,The Return,Hip-Hop/Rap,2022-08-31T12:00:00Z,194430,0.99,USD,USA,https://audio-ssl.itunes.apple.com/itunes-assets/AudioPreview122/v4/70/2d/5d/702d5d8d-661e-5cac-d4c6-7e1a8f28ce2c/mzaf_3330452144146702328.plus.aac.p.m4a,https://is1-ssl.mzstatic.com/image/thumb/Music122/v4/4d/19/6f/4d196fee-68ae-17b0-8e36-dbf24f6ce1db/cover.jpg/100x100bb.jpg
Cheerful,Lofi Study,Amazing Motion,Hip-Hop/Rap,2022-04-28T12:00:00Z,135020,1.29,USD,USA,https://audio-ssl.itunes.apple.com/itunes-assets/AudioPreview122/v4/d7/eb/ae/d7ebaeaf-5143-d6b3-0cc5-27c061a3d856/mzaf_3374006854240756177.plus.aac.p.m4a,https://is1-ssl.mzstatic.com/image/thumb/Music116/v4/fe/8a/81/fe8a81e0-aed5-6909-760f-190928df2934/5056192845900.jpg/100x100bb.jpg
Stand Down,Lofi Study,Strange Fantasy,Hip-Hop/Rap,2022-05-21T12:00:00Z,120142,1.29,USD,USA,https://audio-ssl.itunes.apple.com/itunes-assets/AudioPreview112/v4/ca/69/a8/ca69a849-70e2-36cf-d256-3ce969139008/mzaf_11398346059161390747.plus.aac.p.m4a,https://is1-ssl.mzstatic.com/image/thumb/Music126/v4/9b/8d/6c/9b8d6cc8-51c9-48af-c813-8aa26f3ce7ab/5056192846419.jpg/100x100bb.jpg
Thoughts in Circles,Lofi Study & Lofi Music Lounge,Last Call,Hip-Hop/Rap,2022-11-17T12:00:00Z,149610,0.99,USD,USA,https://audio-ssl.itunes.apple.com/itunes-assets/AudioPreview122/v4/dc/50/53/dc5053f2-ab19-d76c-477f-1e4ce4463ace/mzaf_2808150648552877972.plus.aac.p.m4a,https://is1-ssl.mzstatic.com/image/thumb/Music112/v4/e8/8c/d7/e88cd7e2-2695-6588-89a7-149967cb7b0a/cover.jpg/100x100bb.jpg
And Feeling,Lofi Study,Amazing Motion,Hip-Hop/Rap,2022-04-28T12:00:00Z,122863,1.29,USD,USA,https://audio-ssl.itunes.apple.com/itunes-assets/AudioPreview122/v4/06/aa/1b/06aa1bdc-de53-7879-18e9-3c8c2c4ad33d/mzaf_1623770968630417993.plus.aac.p.m4a,https://is1-ssl.mzstatic.com/image/thumb/Music116/v4/fe/8a/81/fe8a81e0-aed5-6909-760f-190928df2934/5056192845900.jpg/100x100bb.jpg
Lofi Vibes,Lofi Study & Lofi Music Lounge,Last Call,Hip-Hop/Rap,2022-11-17T12:00:00Z,160000,0.99,USD,USA,https://audio-ssl.itunes.apple.com/itunes-assets/AudioPreview122/v4/d9/17/2c/d9172c3c-203c-d9eb-7bb2-c94acb102340/mzaf_17212941771692327141.plus.aac.p.m4a,https://is1-ssl.mzstatic.com/image/thumb/Music112/v4/e8/8c/d7/e88cd7e2-2695-6588-89a7-149967cb7b0a/cover.jpg/100x100bb.jpg
The Roof,Lofi Study,The Return,Hip-Hop/Rap,2022-08-31T12:00:00Z,192000,0.99,USD,USA,https://audio-ssl.itunes.apple.com/itunes-assets/AudioPreview122/v4/e2/79/85/e2798516-9ac4-a5c4-bc18-cbdd0c4b178f/mzaf_7771495192174072561.plus.aac.p.m4a,https://is1-ssl.mzstatic.com/image/thumb/Music122/v4/4d/19/6f/4d196fee-68ae-17b0-8e36-dbf24f6ce1db/cover.jpg/100x100bb.jpg
LoFi Study - 432 Hz,LoFi Jazz Beats,Jazz Drift in 432Hz,Easy Listening,2024-04-20T12:00:00Z,185016,0.99,USD,USA,https://audio-ssl.itunes.apple.com/itunes-assets/AudioPreview211/v4/59/cd/24/59cd24c2-5847-ba83-86d3-b98ea03fd741/mzaf_4069416778992812843.plus.aac.p.m4a,https://is1-ssl.mzstatic.com/image/thumb/Music221/v4/b0/bb/64/b0bb647e-d8cd-a70b-778d-64f9fdc303ba/0000956866019.jpg/100x100bb.jpg
Lofi study,Lofi mood,Lofi,Hip-Hop/Rap,2024-08-01T12:00:00Z,116962,0.99,USD,USA,https://audio-ssl.itunes.apple.com/itunes-assets/AudioPreview221/v4/52/05/6a/52056a3b-2853-7104-c2c2-96377d598c91/mzaf_6725212380385895954.plus.aac.p.m4a,https://is1-ssl.mzstatic.com/image/thumb/Music211/v4/da/bf/e8/dabfe870-d3b1-fbfe-ef7b-428060148b99/5063466455512.jpg/100x100bb.jpg
Can You Hear It,Lofi Study,Atmosphere,Hip-Hop/Rap,2022-07-22T12:00:00Z,67238,1.29,USD,USA,https://audio-ssl.itunes.apple.com/itunes-assets/AudioPreview112/v4/03/7c/51/037c51a9-13c3-400b-2a14-d036f542676a/mzaf_6822961962759419881.plus.aac.p.m4a,https://is1-ssl.mzstatic.com/image/thumb/Music122/v4/17/d8/b4/17d8b48d-3daa-cd67-0a21-b8de0393c249/5056192849137.jpg/100x100bb.jpg
Next Move Rough,Lofi Study,Atmosphere,Hip-Hop/Rap,2022-07-22T12:00:00Z,51508,1.29,USD,USA,https://audio-ssl.itunes.apple.com/itunes-assets/AudioPreview122/v4/5e/80/df/5e80dfa7-0b4b-eeef-930c-370e4ecb6efc/mzaf_5566161281510753090.plus.aac.p.m4a,https://is1-ssl.mzstatic.com/image/thumb/Music122/v4/17/d8/b4/17d8b48d-3daa-cd67-0a21-b8de0393c249/5056192849137.jpg/100x100bb.jpg
Bright Mornings,Lofi Study,The Return,Hip-Hop/Rap,2022-08-31T12:00:00Z,213333,0.99,USD,USA,https://audio-ssl.itunes.apple.com/itunes-assets/AudioPreview122/v4/87/af/fc/87affc93-edfe-9fc8-9bf9-acf61b96d56d/mzaf_14347120250878757007.plus.aac.p.m4a,https://is1-ssl.mzstatic.com/image/thumb/Music122/v4/4d/19/6f/4d196fee-68ae-17b0-8e36-dbf24f6ce1db/cover.jpg/100x100bb.jpg
Amazing Motion,Lofi Study,Amazing Motion,Hip-Hop/Rap,2022-04-28T12:00:00Z,133058,1.29,USD,USA,https://audio-ssl.itunes.apple.com/itunes-assets/AudioPreview122/v4/91/ca/eb/91caebf4-c1bf-4ca4-f4ba-0df345780da1/mzaf_7064149320775730854.plus.aac.p.m4a,https://is1-ssl.mzstatic.com/image/thumb/Music116/v4/fe/8a/81/fe8a81e0-aed5-6909-760f-190928df2934/5056192845900.jpg/100x100bb.jpg
Reflections,Lofi Study,Strange Fantasy,Hip-Hop/Rap,2022-05-21T12:00:00Z,139128,1.29,USD,USA,https://audio-ssl.itunes.apple.com/itunes-assets/AudioPreview116/v4/eb/dc/a4/ebdca42e-e56f-8114-1694-8d1c2d75ab98/mzaf_2107323645477585672.plus.aac.p.m4a,https://is1-ssl.mzstatic.com/image/thumb/Music126/v4/9b/8d/6c/9b8d6cc8-51c9-48af-c813-8aa26f3ce7ab/5056192846419.jpg/100x100bb.jpg
Hate On Me,Lofi Study,Atmosphere,Hip-Hop/Rap,2022-07-22T12:00:00Z,80074,1.29,USD,USA,https://audio-ssl.itunes.apple.com/itunes-assets/AudioPreview112/v4/da/5d/58/da5d5873-1466-77f2-157b-e8309fdad16f/mzaf_14818784920013748737.plus.aac.p.m4a,https://is1-ssl.mzstatic.com/image/thumb/Music122/v4/17/d8/b4/17d8b48d-3daa-cd67-0a21-b8de0393c249/5056192849137.jpg/100x100bb.jpg
Summer End,Lofi Study,The Return,Hip-Hop/Rap,2022-08-31T12:00:00Z,192000,0.99,USD,USA,https://audio-ssl.itunes.apple.com/itunes-assets/AudioPreview122/v4/8d/57/a0/8d57a018-f714-ecd4-31a1-a91366171595/mzaf_9983997490775627860.plus.aac.p.m4a,https://is1-ssl.mzstatic.com/image/thumb/Music122/v4/4d/19/6f/4d196fee-68ae-17b0-8e36-dbf24f6ce1db/cover.jpg/100x100bb.jpg
Best Light,Lofi Study,Amazing Motion,Hip-Hop/Rap,2022-04-28T12:00:00Z,121422,1.29,USD,USA,https://audio-ssl.itunes.apple.com/itunes-assets/AudioPreview122/v4/c9/48/3a/c9483a8c-6152-1474-bd12-096c7992f939/mzaf_13006810901132357681.plus.aac.p.m4a,https://is1-ssl.mzstatic.com/image/thumb/Music116/v4/fe/8a/81/fe8a81e0-aed5-6909-760f-190928df2934/5056192845900.jpg/100x100bb.jpg
Astro's Groove,Lofi Study,Amazing Motion,Hip-Hop/Rap,2022-04-28T12:00:00Z,132258,1.29,USD,USA,https://audio-ssl.itunes.apple.com/itunes-assets/AudioPreview122/v4/4d/d8/4a/4dd84a00-7d4d-f167-d076-8d31a7093a23/mzaf_6274431990459398834.plus.aac.p.m4a,https://is1-ssl.mzstatic.com/image/thumb/Music116/v4/fe/8a/81/fe8a81e0-aed5-6909-760f-190928df2934/5056192845900.jpg/100x100bb.jpg
Fight Your Fears,Lofi Study,Atmosphere,Hip-Hop/Rap,2022-07-22T12:00:00Z,82210,1.29,USD,USA,https://audio-ssl.itunes.apple.com/itunes-assets/AudioPreview122/v4/e9/cd/94/e9cd94b9-7f84-11d8-9f75-7b84f294409e/mzaf_7034204483555429767.plus.aac.p.m4a,https://is1-ssl.mzstatic.com/image/thumb/Music122/v4/17/d8/b4/17d8b48d-3daa-cd67-0a21-b8de0393c249/5056192849137.jpg/100x100bb.jpg
LoFi Study,LoFi Jazz Beats,Lofi Jazz Dreamscape,Cool Jazz,2025-03-24T12:00:00Z,172169,0.99,USD,USA,https://audio-ssl.itunes.apple.com/itunes-assets/AudioPreview221/v4/14/94/81/149481ef-5c16-7404-34a1-52540d02c797/mzaf_13879661102582156830.plus.aac.p.m4a,https://is1-ssl.mzstatic.com/image/thumb/Music221/v4/e8/98/eb/e898ebb1-a6cf-3972-b684-591c285f9220/0001070441182.jpg/100x100bb.jpg
I'm Just so mad,Lofi Study,Atmosphere,Hip-Hop/Rap,2022-07-22T12:00:00Z,81408,1.29,USD,USA,https://audio-ssl.itunes.apple.com/itunes-assets/AudioPreview122/v4/e7/24/b2/e724b2a8-5b09-5485-eda1-754cd5cb2db3/mzaf_10443959465144173006.plus.aac.p.m4a,https://is1-ssl.mzstatic.com/image/thumb/Music122/v4/17/d8/b4/17d8b48d-3daa-cd67-0a21-b8de0393c249/5056192849137.jpg/100x100bb.jpg
Pain & War,Lofi Study,Atmosphere,Hip-Hop/Rap,2022-07-22T12:00:00Z,52894,1.29,USD,USA,https://audio-ssl.itunes.apple.com/itunes-assets/AudioPreview122/v4/2e/59/a8/2e59a8eb-b376-601c-d27f-09357d0f9172/mzaf_6754898969667825065.plus.aac.p.m4a,https://is1-ssl.mzstatic.com/image/thumb/Music122/v4/17/d8/b4/17d8b48d-3daa-cd67-0a21-b8de0393c249/5056192849137.jpg/100x100bb.jpg
Count On Me,Lofi Study,Amazing Motion,Hip-Hop/Rap,2022-04-28T12:00:00Z,132962,1.29,USD,USA,https://audio-ssl.itunes.apple.com/itunes-assets/AudioPreview112/v4/fd/37/c4/fd37c49e-5803-11ed-4b7c-f0e967b6ada2/mzaf_272290986074141047.plus.aac.p.m4a,https://is1-ssl.mzstatic.com/image/thumb/Music116/v4/fe/8a/81/fe8a81e0-aed5-6909-760f-190928df2934/5056192845900.jpg/100x100bb.jpg
Mind vs Soul,Lofi Study,Atmosphere,Hip-Hop/Rap,2022-07-22T12:00:00Z,91719,1.29,USD,USA,https://audio-ssl.itunes.apple.com/itunes-assets/AudioPreview112/v4/be/12/37/be1237df-2854-8285-055d-f23cb2046d2d/mzaf_3967546686339482676.plus.aac.p.m4a,https://is1-ssl.mzstatic.com/image/thumb/Music122/v4/17/d8/b4/17d8b48d-3daa-cd67-0a21-b8de0393c249/5056192849137.jpg/100x100bb.jpg
Down the Road,Lofi Study,The Return,Hip-Hop/Rap,2022-08-31T12:00:00Z,172308,0.99,USD,USA,https://audio-ssl.itunes.apple.com/itunes-assets/AudioPreview122/v4/8c/dc/13/8cdc132b-424d-da3b-a001-3becc4ea6bcc/mzaf_3261144380981623863.plus.aac.p.m4a,https://is1-ssl.mzstatic.com/image/thumb/Music122/v4/4d/19/6f/4d196fee-68ae-17b0-8e36-dbf24f6ce1db/cover.jpg/100x100bb.jpg
Chained to the Rhythm,Lofi Study,Amazing Motion,Hip-Hop/Rap,2022-04-28T12:00:00Z,129244,1.29,USD,USA,https://audio-ssl.itunes.apple.com/itunes-assets/AudioPreview122/v4/fb/e2/46/fbe246aa-5300-ef4d-8e0f-aa652ac5db70/mzaf_10088600843519946382.plus.aac.p.m4a,https://is1-ssl.mzstatic.com/image/thumb/Music116/v4/fe/8a/81/fe8a81e0-aed5-6909-760f-190928df2934/5056192845900.jpg/100x100bb.jpg
The Lofi Lounge,Lofi Study,The Return,Hip-Hop/Rap,2022-08-31T12:00:00Z,180000,0.99,USD,USA,https://audio-ssl.itunes.apple.com/itunes-assets/AudioPreview112/v4/58/c7/a5/58c7a5d7-0753-4db7-db6e-32801af62cf2/mzaf_15245871821105890662.plus.aac.p.m4a,https://is1-ssl.mzstatic.com/image/thumb/Music122/v4/4d/19/6f/4d196fee-68ae-17b0-8e36-dbf24f6ce1db/cover.jpg/100x100bb.jpg
Realest In It,Lofi Study,Strange Fantasy,Hip-Hop/Rap,2022-05-21T12:00:00Z,111322,1.29,USD,USA,https://audio-ssl.itunes.apple.com/itunes-assets/AudioPreview112/v4/4f/5a/fe/4f5afed1-d7a4-376e-2c17-45f1a8a98b64/mzaf_2466395578119381094.plus.aac.p.m4a,https://is1-ssl.mzstatic.com/image/thumb/Music126/v4/9b/8d/6c/9b8d6cc8-51c9-48af-c813-8aa26f3ce7ab/5056192846419.jpg/100x100bb.jpg
You & Me,Lofi Study,You & Me,Hip-Hop/Rap,2022-02-28T12:00:00Z,111359,1.29,USD,USA,https://audio-ssl.itunes.apple.com/itunes-assets/AudioPreview126/v4/05/0f/89/050f8968-a48d-5b61-f2e2-d7d305777d43/mzaf_10463656895714056235.plus.aac.p.m4a,https://is1-ssl.mzstatic.com/image/thumb/Music126/v4/95/15/86/951586f7-9b33-bbcc-e949-c421992f5ef5/5056192842770.jpg/100x100bb.jpg
Dream Friends,Lofi Study,Amazing Motion,Hip-Hop/Rap,2022-04-28T12:00:00Z,131004,1.29,USD,USA,https://audio-ssl.itunes.apple.com/itunes-assets/AudioPreview126/v4/18/ed/80/18ed80c7-256b-70a6-3307-3cb2cfea2c68/mzaf_15685618799501084361.plus.aac.p.m4a,https://is1-ssl.mzstatic.com/image/thumb/Music116/v4/fe/8a/81/fe8a81e0-aed5-6909-760f-190928df2934/5056192845900.jpg/100x100bb.jpg
Lofi Study,Eight Drip,Focus Flow Lofi Jazz Session,Instrumental,2025-09-08T12:00:00Z,174500,0.99,USD,USA,https://audio-ssl.itunes.apple.com/itunes-assets/AudioPreview211/v4/a4/7b/5a/a47b5a41-ac0b-b1f1-d067-19602485c810/mzaf_17261623310035877415.plus.aac.p.m4a,https://is1-ssl.mzstatic.com/image/thumb/Music221/v4/41/84/5c/41845c9e-819b-e37f-2843-2e29d3a5d0c8/4550712718794_cover.png/100x100bb.jpg
Hazy Views,Lofi Study,The Return,Hip-Hop/Rap,2022-08-31T12:00:00Z,179200,0.99,USD,USA,https://audio-ssl.itunes.apple.com/itunes-assets/AudioPreview122/v4/35/e6/d3/35e6d37f-9d04-2702-d50c-a0d1dcad014b/mzaf_4815476695403764089.plus.aac.p.m4a,https://is1-ssl.mzstatic.com/image/thumb/Music122/v4/4d/19/6f/4d196fee-68ae-17b0-8e36-dbf24f6ce1db/cover.jpg/100x100bb.jpg
LoFi Study - 432 Hz,Lo-Fi Zone,Soothing Jazz Frequencies,Easy Listening,2024-04-15T12:00:00Z,224577,0.99,USD,USA,https://audio-ssl.itunes.apple.com/itunes-assets/AudioPreview221/v4/c4/df/01/c4df010f-746a-2adb-14a1-10ab83d9c71f/mzaf_14917888712133402283.plus.aac.p.m4a,https://is1-ssl.mzstatic.com/image/thumb/Music211/v4/0d/41/f5/0d41f52a-dfe1-b463-7b2a-0ff66b637719/0000956798006.jpg/100x100bb.jpg
lofi study,"FM STUDY, Lo\-Fi Type Beat & Chill Type Beat",study music,Hip-Hop,2025-02-10T12:00:00Z,142320,0.69,USD,USA,https://audio-ssl.itunes.apple.com/itunes-assets/AudioPreview221/v4/0b/1b/53/0b1b53bf-a8a7-9d01-8f85-ed283252f6fa/mzaf_3657096115782897072.plus.aac.p.m4a,https://is1-ssl.mzstatic.com/image/thumb/Music211/v4/86/65/06/866506b1-2d55-df7d-7370-4e607bc1ab53/4582649526944.jpg/100x100bb.jpg
Meet the Others,Lofi Study,The Return,Hip-Hop/Rap,2022-08-31T12:00:00Z,170127,0.99,USD,USA,https://audio-ssl.itunes.apple.com/itunes-assets/AudioPreview112/v4/bf/48/e3/bf48e3df-fb4e-706b-043f-2ad3c950b61e/mzaf_5458569146628199574.plus.aac.p.m4a,https://is1-ssl.mzstatic.com/image/thumb/Music122/v4/4d/19/6f/4d196fee-68ae-17b0-8e36-dbf24f6ce1db/cover.jpg/100x100bb.jpg
Lull To Sleep,Lofi Study,Dreams In the Night,Hip-Hop/Rap,2022-04-01T12:00:00Z,120049,1.29,USD,USA,https://audio-ssl.itunes.apple.com/itunes-assets/AudioPreview116/v4/7e/9c/ec/7e9cec1f-021d-35f7-7e86-0c963dd744de/mzaf_17017161526073874285.plus.aac.p.m4a,https://is1-ssl.mzstatic.com/image/thumb/Music122/v4/8e/ac/8f/8eac8f4f-937d-132b-b4db-cf5a76be4a5a/5056192845542.jpg/100x100bb.jpg
Stunning Remarks,Lofi Study,The Return,Hip-Hop/Rap,2022-08-31T12:00:00Z,156279,0.99,USD,USA,https://audio-ssl.itunes.apple.com/itunes-assets/AudioPreview112/v4/b0/d6/53/b0d65337-7ecc-0e9f-2840-b52313a897d5/mzaf_3047102409712450621.plus.aac.p.m4a,https://is1-ssl.mzstatic.com/image/thumb/Music122/v4/4d/19/6f/4d196fee-68ae-17b0-8e36-dbf24f6ce1db/cover.jpg/100x100bb.jpg
